publication_number,citation_publication_number
US-2025166970-A1,US-2012318456-A1
US-2025166970-A1,US-2017018411-A1
US-2025166970-A1,US-11282677-B2
US-2025166970-A1,US-12142460-B2
US-2025166970-A1,US-12159767-B2
US-2025168723-A1,US-2024284373-A1
US-2025173141-A1,US-2017090899-A1
US-2025173141-A1,US-9798534-B1
US-2025173141-A1,US-2018101376-A1
US-2025173141-A1,US-2019243637-A1
US-2025173141-A1,US-2022012150-A1
US-2025173807-A1,WO-2009038765-A1
US-2025173807-A1,US-2010246444-A1
US-2025173807-A1,US-2015282108-A1
US-2025173807-A1,US-2018027397-A1
US-2025173807-A1,US-10750345-B1
US-2025173807-A1,US-2023169807-A1
US-2025173807-A1,
US-2025179614-A1,US-6681836-B1
US-2025179614-A1,US-2005279479-A1
US-2025179614-A1,US-7509993-B1
US-2025179614-A1,
US-2025186865-A1,US-4017906-A
US-2025186865-A1,US-4324003-A
US-2025186865-A1,US-4501023-A
US-2025186865-A1,US-4697289-A
US-2025186865-A1,US-6044498-A
US-2025186865-A1,US-6874170-B1
US-2025186865-A1,US-2011010830-A1
US-2025186865-A1,US-2014196203-A1
US-2025187500-A1,US-2012205512-A1
US-2025187500-A1,US-2013004264-A1
US-2025187500-A1,US-2020406807-A1
US-2025190347-A1,US-2018082470-A1
US-2025190347-A1,US-2019370059-A1
US-2025190347-A1,US-2020293369-A1
US-2025190347-A1,US-2021173796-A1
US-2025190347-A1,US-2022179787-A1
US-2025190347-A1,US-2022308884-A1
US-2025190347-A1,US-2023069890-A1
US-2025190347-A1,US-2023102843-A1
US-2025190347-A1,US-2023289215-A1
US-2025198290-A1,US-2016186772-A1
US-2025201373-A1,US-2005165285-A1
US-2025201373-A1,WO-2021216988-A1
US-2025201373-A1,US-2022386967-A1
US-2025201373-A1,US-2023144668-A1
US-2025203244-A1,US-6486504-B1
US-2025203244-A1,US-2009059044-A1
US-2025203244-A1,US-2010039543-A1
US-2025203244-A1,US-2010271517-A1
US-2025203244-A1,US-8068155-B2
US-2025203244-A1,US-2011304755-A1
US-2025203244-A1,US-2016241795-A1
US-2025203244-A1,US-2017118430-A1
US-2025203244-A1,US-9930278-B2
US-2025203244-A1,US-2018184026-A1
US-2025203244-A1,US-10205903-B2
US-2025203244-A1,US-2020260037-A1
US-2025218136-A1,US-2017220863-A1
US-2025218136-A1,US-2023237797-A1
US-2025218136-A1,US-2024012491-A1
US-2025218136-A1,US-2024155093-A1
US-2025220011-A1,US-2003070070-A1
US-2025220011-A1,US-2003233543-A1
US-2025220011-A1,US-2004264697-A1
US-2025220011-A1,US-2012047394-A1
US-2025220011-A1,US-2014092726-A1
US-2025220011-A1,US-2017236079-A1
US-2025220011-A1,US-2020007666-A1
US-2025220011-A1,US-10673716-B1
US-2025220011-A1,US-2021258299-A1
US-2025220011-A1,US-11204961-B1
US-2025220011-A1,US-11743282-B1
US-2025220011-A1,US-2023409215-A1
US-2025220011-A1,US-2024283809-A1
US-2025220802-A1,US-2019239333-A1
US-2025220802-A1,US-2020330793-A1
US-2025220802-A1,US-2021195725-A1
US-2025223445-A1,WO-2016084007-A1
US-2025223445-A1,US-2016332911-A1
US-2025223445-A1,US-12258293-B2
US-2025223445-A1,
US-2025232351-A1,US-2014074550-A1
US-2025232351-A1,US-2019114662-A1
US-2025232351-A1,US-2021182946-A1
US-2025232351-A1,US-2021406570-A1
US-2025238346-A1,US-2008126565-A1
US-2025238346-A1,US-9985984-B1
US-2025238346-A1,US-10216571-B2
US-2025238346-A1,US-11496117-B1
US-2025238346-A1,US-2025225054-A1
US-2025242286-A1,US-5846302-A
US-2025242286-A1,US-2012060695-A1
US-2025242286-A1,US-8721775-B2
US-2025242286-A1,US-2017128868-A1
US-2025242286-A1,US-2017348624-A1
US-2025242286-A1,US-2019299137-A1
US-2025242286-A1,US-11369976-B2
US-2025242286-A1,US-11969674-B2
US-2025242286-A1,US-2025255435-A1
US-2025246037-A1,US-5757486-A
US-2025246037-A1,US-7142197-B2
US-2025246037-A1,US-2007164202-A1
US-2025246037-A1,JP-2009181748-A
US-2025246037-A1,US-2013083976-A1
US-2025246037-A1,KR-20130119778-A
US-2025246037-A1,US-2014228073-A1
US-2025246037-A1,US-2014256303-A1
US-2025246037-A1,US-9055202-B1
US-2025246037-A1,JP-2016006448-A
US-2025246037-A1,US-2016210518-A1
US-2025246037-A1,KR-20160002774-U
US-2025246037-A1,US-2016239705-A1
US-2025246037-A1,US-9740084-B1
US-2025246037-A1,US-9946734-B2
US-2025246037-A1,US-10032327-B1
US-2025246037-A1,US-2019147676-A1
US-2025246037-A1,CN-109919007-A
US-2025246037-A1,US-2019213816-A1
US-2025246037-A1,US-2019325682-A1
US-2025246037-A1,CN-210091268-U
US-2025246037-A1,US-2020076056-A1
US-2025246037-A1,KR-20200048418-A
US-2025246037-A1,US-11039048-B2
US-2025247395-A1,US-9838407-B1
US-2025247395-A1,US-2018027006-A1
US-2025247395-A1,US-2019104103-A1
US-2025249306-A1,US-1698831-A
US-2025249306-A1,US-3664667-A
US-2025249306-A1,US-4733861-A
US-2025249306-A1,US-4768778-A
US-2025249306-A1,US-D348707-S
US-2025249306-A1,DE-20103906-U1
US-2025249306-A1,US-2005085355-A1
US-2025249306-A1,US-2005085356-A1
US-2025249306-A1,US-2013123081-A1
US-2025249306-A1,US-2014187395-A1
US-2025249306-A1,US-2015335935-A1
US-2025249306-A1,KR-102159758-B1
US-2025249306-A1,KR-20210012468-A
US-2025249306-A1,CN-109331423-B
US-2025253754-A1,US-10770973-B1
US-2025253754-A1,US-11515791-B2
US-2025253754-A1,US-2025149983-A1
US-2025253754-A1,US-12451799-B2
US-2025259134-A1,US-2009024423-A1
US-2025259134-A1,JP-2009279957-A
US-2025259134-A1,CN-102519563-A
US-2025259134-A1,CA-3162263-A1
US-2025259134-A1,CN-114111988-A
US-2025259134-A1,CN-111740953-B
US-2025259134-A1,US-2025242784-A1
US-2025262033-A1,TW-I805830-B
US-2025262033-A1,US-12440315-B2
US-2025268723-A1,US-5676702-A
US-2025268723-A1,US-6899735-B2
US-2025268723-A1,US-2007123990-A1
US-2025268723-A1,US-2007191958-A1
US-2025268723-A1,US-2008161924-A1
US-2025268723-A1,US-2009076614-A1
US-2025268723-A1,US-2009192617-A1
US-2025268723-A1,US-2011093075-A1
US-2025268723-A1,US-8092533-B2
US-2025268723-A1,US-8252059-B2
US-2025268723-A1,US-8313529-B2
US-2025268723-A1,US-11406509-B1
US-2025268723-A1,US-11497614-B2
US-2025269831-A1,US-6345225-B1
US-2025269831-A1,US-2016009263-A1
US-2025269831-A1,US-11708058-B2
US-2025269831-A1,US-2023365111-A1
US-2025269831-A1,US-12143045-B2
US-2025270083-A1,US-2001030215-A1
US-2025270083-A1,US-2008073396-A1
US-2025270083-A1,US-2012175474-A1
US-2025270083-A1,US-2016050881-A1
US-2025270083-A1,US-2019004401-A1
US-2025270083-A1,US-2019055976-A1
US-2025270083-A1,US-2020390225-A1
US-2025270083-A1,US-2021270416-A1
US-2025270083-A1,US-11516328-B2
US-2025270083-A1,US-11752596-B2
US-2025270083-A1,US-2024151348-A1
US-2025270083-A1,US-12047525-B2
US-2025270083-A1,US-2025073608-A1
US-2025278413-A1,US-2003112662-A1
US-2025278413-A1,US-2009271433-A1
US-2025278413-A1,US-2015254325-A1
US-2025278413-A1,US-2016070780-A1
US-2025278413-A1,US-2017097980-A1
US-2025278413-A1,US-2019065519-A1
US-2025278413-A1,US-2021397610-A1
US-2025278413-A1,US-2024220488-A1
US-2025278413-A1,US-2025037423-A1
US-2025278413-A1,US-2025173866-A1
US-2025278413-A1,
US-2025280772-A1,US-5839659-A
US-2025280772-A1,US-2011308153-A1
US-2025287523-A1,US-2004075983-A1
US-2025287523-A1,US-2004256334-A1
US-2025287523-A1,US-2008253076-A1
US-2025287523-A1,US-2017083057-A1
US-2025287523-A1,US-10372178-B2
US-2025287523-A1,US-10729037-B1
US-2025287523-A1,US-2020315067-A1
US-2025287523-A1,US-11641726-B1
US-2025287523-A1,US-12495514-B2
US-2025293931-A1,US-2009012997-A1
US-2025293931-A1,US-2019104024-A1
US-2025293931-A1,US-2019356697-A1
US-2025293931-A1,US-2020059491-A1
US-2025293931-A1,US-2023036680-A1
US-2025293931-A1,US-2024013221-A1
US-2025293931-A1,US-2024323096-A1
US-2025296236-A1,US-2002083579-A1
US-2025296236-A1,US-2014115857-A1
US-2025296236-A1,US-2020154637-A1
US-2025296236-A1,US-2022125452-A1
US-2025296236-A1,US-2022314466-A1
US-2025296236-A1,US-2023108220-A1
US-2025296236-A1,US-11638618-B2
US-2025296236-A1,US-2023266681-A1
US-2025296236-A1,US-11951618-B2
US-2025296236-A1,US-2024235339-A1
US-2025296236-A1,US-12075992-B1
US-2025296236-A1,US-2025021010-A1
US-2025296236-A1,US-12242180-B1
US-2025296236-A1,US-2025083313-A1
US-2025296236-A1,US-12318165-B2
US-2025296236-A1,
US-2025299597-A1,US-2008254426-A1
US-2025299597-A1,US-2008268418-A1
US-2025299597-A1,US-2014248597-A1
US-2025299597-A1,US-2017206797-A1
US-2025299597-A1,US-2019286439-A1
US-2025302726-A1,US-2004161395-A1
US-2025304018-A1,US-151626-A
US-2025304018-A1,US-3412617-A
US-2025304018-A1,US-3861487-A
US-2025304018-A1,US-4813509-A
US-2025304018-A1,US-5880532-A
US-2025304018-A1,US-6120411-A
US-2025304018-A1,US-6936994-B1
US-2025304018-A1,US-2013158828-A1
US-2025304018-A1,US-2014152019-A1
US-2025304018-A1,CZ-20136-A3
US-2025304018-A1,CN-106347142-A
US-2025304018-A1,CN-107054105-A
US-2025304018-A1,US-11584337-B2
US-2025304018-A1,CN-108799437-B
US-2025308114-A1,US-2018321826-A1
US-2025308114-A1,US-2019098099-A1
US-2025308114-A1,US-2021382610-A1
US-2025308114-A1,US-2021399911-A1
US-2025308114-A1,US-2022168644-A1
US-2025308114-A1,US-2024428470-A1
US-2025320750-A1,US-1829815-A
US-2025320750-A1,US-2420083-A
US-2025320750-A1,US-2662386-A
US-2025320750-A1,US-2687319-A
US-2025320750-A1,US-4118055-A
US-2025320750-A1,US-4711477-A
US-2025320750-A1,US-4746154-A
US-2025320750-A1,US-5570912-A
US-2025320750-A1,US-6257630-B1
US-2025320750-A1,US-6293597-B1
US-2025320750-A1,US-6334635-B1
US-2025320750-A1,KR-200267030-Y1
US-2025320750-A1,US-6536248-B1
US-2025320750-A1,US-6536816-B1
US-2025320750-A1,US-2003173785-A1
US-2025320750-A1,US-6688660-B2
US-2025320750-A1,KR-100445145-B1
US-2025320750-A1,US-7641243-B2
US-2025320750-A1,US-10513872-B2
US-2025320750-A1,US-11585115-B2
US-2025331767-A1,JP-2021012102-A
US-2025331767-A1,
US-2025333893-A1,US-2015240406-A1
US-2025333893-A1,US-2018002857-A1
US-2025335169-A1,US-2005262192-A1
US-2025335169-A1,US-2009138891-A1
US-2025335169-A1,US-2014279932-A1
US-2025335169-A1,US-2021132935-A1
US-2025335169-A1,US-11023422-B2
US-2025335169-A1,US-12572365-B2
US-2025335169-A1,
US-2025357547-A1,US-2022109146-A1
US-2025364029-A1,US-2021142838-A1
US-2025367409-A1,US-4909244-A
US-2025367409-A1,US-4917112-A
US-2025367409-A1,US-5000741-A
US-2025367409-A1,US-5308339-A
US-2025367409-A1,US-4909244-B1
US-2025367409-A1,US-2011295173-A1
US-2025367409-A1,US-8710289-B2
US-2025367409-A1,US-2020246192-A1
US-2025367409-A1,US-2022184294-A1
US-2025368214-A1,US-2017043781-A1
US-2025368214-A1,US-2019367050-A1
US-2025368214-A1,US-2020151478-A1
US-2025368214-A1,US-2025022291-A1
US-2025378318-A1,US-5739049-A
US-2025378318-A1,US-2002146871-A1
US-2025378318-A1,US-2011041980-A1
US-2025378318-A1,US-2011160065-A1
US-2025378318-A1,US-2015041751-A1
US-2025378318-A1,US-2017018654-A1
US-2025378318-A1,US-2017200495-A1
US-2025378318-A1,US-2017206957-A1
US-2025378318-A1,US-2017271591-A1
US-2025378318-A1,US-2019229260-A1
US-2025382775-A1,US-2012327261-A1
US-2025382775-A1,US-2013222573-A1
US-2025382775-A1,US-2016176345-A1
US-2025382775-A1,JP-6330341-B2
US-2025382775-A1,US-2022064909-A1
US-2025382775-A1,US-2024026654-A1
US-2025382775-A1,US-2024265573-A1
US-2025382775-A1,US-2024395145-A1
US-2025382775-A1,US-12162352-B2
US-2025382775-A1,US-2025001939-A1
US-2025383467-A1,US-2005253711-A1
US-2025383467-A1,US-2006006874-A1
US-2025383467-A1,US-7157913-B2
US-2025383467-A1,US-8358809-B2
US-2025383467-A1,US-2013057249-A1
US-2025384021-A1,US-7343551-B1
US-2025384021-A1,US-2022141263-A1
US-2025384021-A1,US-2023186151-A1
US-2025384021-A1,US-2025077870-A1
US-2025384021-A1,US-2025265249-A1
US-2025384021-A1,US-2025291780-A1
US-2025384021-A1,US-2025298798-A1
US-2025384021-A1,
US-2025387191-A1,US-2011313288-A1
US-2026016080-A1,US-9587730-B2
US-2026016080-A1,WO-2021137283-A1
US-2026016080-A1,US-11821513-B2
US-2026016080-A1,
US-2026022688-A1,US-2762211-A
US-2026022688-A1,US-3479471-A
US-2026022688-A1,US-3865669-A
US-2026022688-A1,US-4511168-A
US-2026022688-A1,US-2007114797-A1
US-2026022688-A1,US-2009038819-A1
US-2026022688-A1,DE-102007052525-A1
US-2026022688-A1,KR-20090132008-A
US-2026022688-A1,WO-2010118914-A2
US-2026022688-A1,US-2012321473-A1
US-2026022688-A1,US-2014294568-A1
US-2026022688-A1,US-9019682-B2
US-2026022688-A1,US-9709039-B2
US-2026022688-A1,US-10480490-B2
US-2026022688-A1,CN-110645154-A
US-2026022688-A1,CN-110685863-A
US-2026022688-A1,
US-2026028813-A1,US-5702593-A
US-2026028813-A1,US-2007256966-A1
US-2026028813-A1,US-7776217-B2
US-2026028813-A1,US-8679327-B2
US-2026028813-A1,US-9688544-B2
US-2026028813-A1,US-2022064024-A1
US-2026028813-A1,CN-216639195-U
US-2026038678-A1,US-10599984-B1
US-2026038678-A1,WO-2022106251-A1
US-2026038678-A1,WO-2022122873-A1
US-2026038678-A1,US-2022366320-A1
US-2026038678-A1,US-2022417306-A1
US-2026038678-A1,US-2025148297-A1
US-2026041204-A1,US-3142-A
US-2026041204-A1,US-37880-A
US-2026041204-A1,US-86049-A
US-2026041204-A1,US-113152-A
US-2026041204-A1,US-242113-A
US-2026041204-A1,US-635948-A
US-2026041204-A1,US-644161-A
US-2026041204-A1,US-694421-A
US-2026041204-A1,US-769743-A
US-2026041204-A1,US-810049-A
US-2026041204-A1,US-931063-A
US-2026041204-A1,US-1225350-A
US-2026041204-A1,US-3157013-A
US-2026041204-A1,US-3953958-A
US-2026041204-A1,US-D352805-S
US-2026041204-A1,US-6536196-B2
US-2026041204-A1,US-2003226287-A1
US-2026041204-A1,US-7454887-B2
US-2026041204-A1,US-2011225937-A1
US-2026041204-A1,US-2016120259-A1
US-2026048975-A1,US-2021238022-A1
US-2026052636-A1,US-2011266933-A1
US-2026052636-A1,US-8503184-B2
US-2026052636-A1,US-9743549-B2
US-2026052636-A1,US-2018139856-A1
US-2026052636-A1,US-2018220544-A1
US-2026052636-A1,US-10863647-B1
US-2026052636-A1,US-11197384-B1
US-2026052636-A1,US-2021385962-A1
US-2026052636-A1,US-2022418139-A1
US-2026052636-A1,US-2023225072-A1
US-2026052636-A1,US-12048113-B2
US-2026052636-A1,US-2025133676-A1
US-2026053362-A1,US-2009085133-A1
US-2026053362-A1,US-2009270948-A1
US-2026064657-A1,US-2021303584-A1
US-2026064657-A1,
US-2026072046-A1,US-2006046273-A1
US-2026072046-A1,US-2010209943-A1
US-2026072046-A1,US-9366685-B1
US-2026072046-A1,
US-2026080986-A1,WO-2009083886-A1
US-2026080986-A1,US-2011270843-A1
US-2026080986-A1,US-2020226164-A1
US-2026080986-A1,US-2020303069-A1
US-2026080986-A1,US-2025087372-A1
US-2026091903-A1,US-4880581-A
US-2026091903-A1,US-5015425-A
US-2026091903-A1,US-5759218-A
US-2026091903-A1,US-2002171179-A1
US-2026091903-A1,US-8177149-B2
US-2026091903-A1,US-2015083830-A1
US-2026091903-A1,US-2024131265-A1
US-2026091903-A1,US-12186964-B2
US-2026094565-A1,US-2015371590-A1
US-2026094565-A1,US-2023215353-A1
US-2026094565-A1,US-2025046247-A1
US-2415751-A,US-1142589-A
US-2415751-A,US-1407823-A
US-2415751-A,US-1581313-A
US-2416008-A,US-457656-A
US-2416008-A,US-951082-A
US-2416008-A,US-1414156-A
US-2416008-A,US-1420685-A
US-2416008-A,US-1689254-A
US-2416008-A,US-1972385-A
US-2416008-A,US-2207131-A
US-2416008-A,US-2241977-A
US-2416008-A,US-2335891-A
US-2416295-A,US-2055471-A
US-2416295-A,US-2208619-A
US-2416304-A,US-2050059-A
US-2416304-A,US-2061734-A
US-2416304-A,US-2262838-A
US-2416304-A,US-2265996-A
US-2416304-A,US-2266526-A
US-2416304-A,US-2303734-A
US-2416304-A,US-2323596-A
US-2418300-A,US-1640252-A
US-2418300-A,US-2055022-A
US-2418300-A,US-2347642-A
US-2420620-A,US-1249725-A
US-2420620-A,US-1655290-A
US-2420620-A,US-2221323-A
US-2420620-A,US-2229631-A
US-2420620-A,US-2387273-A
US-2421301-A,US-440699-A
US-2421301-A,US-1324657-A
US-2421301-A,US-1440729-A
US-2421301-A,US-1681649-A
US-2421301-A,US-1791149-A
US-2421301-A,US-1842966-A
US-2421301-A,US-1933591-A
US-2421301-A,US-1935208-A
US-2421301-A,US-1966897-A
US-2421301-A,US-1995726-A
US-2421301-A,US-2070447-A
US-2421301-A,US-2081993-A
US-2421301-A,GB-474918-A
US-2421301-A,US-2103356-A
US-2421301-A,US-2245577-A
US-2421887-A,US-994473-A
US-2421887-A,US-1106679-A
US-2421887-A,GB-354114-A
US-2421887-A,US-1849603-A
US-2421887-A,GB-380556-A
US-2421887-A,US-1890517-A
US-2421887-A,US-2109966-A
US-2421887-A,US-2151271-A
US-2421887-A,US-2166300-A
US-2421887-A,US-2238693-A
US-2421887-A,US-2258869-A
US-2422061-A,AT-33640-B
US-2422061-A,DE-397790-C
US-2422061-A,US-1557524-A
US-2422061-A,US-1619995-A
US-2422061-A,US-2001823-A
US-2422061-A,US-2046092-A
US-2422061-A,US-2081063-A
US-2422061-A,US-2085240-A
US-2422061-A,CH-197369-A
US-2422061-A,GB-528443-A
US-2422061-A,US-2229237-A
US-2422061-A,US-2249843-A
US-2422061-A,US-2271741-A
US-2422061-A,US-2325404-A
US-2422153-A,US-21572-A
US-2422153-A,US-1248226-A
US-2422153-A,US-1913244-A
US-2422153-A,US-1912448-A
US-2422153-A,US-2190776-A
US-2422475-A,US-286663-A
US-2422475-A,US-490588-A
US-2422475-A,US-1314154-A
US-2422475-A,US-1528188-A
US-2422475-A,US-1698807-A
US-2422475-A,DE-516740-C
US-2422475-A,US-2328549-A
US-2422475-A,US-2332510-A
US-2422648-A,US-2310943-A
US-2422648-A,US-2312298-A
US-2423501-A,GB-218596-A
US-2423501-A,US-1550622-A
US-2423501-A,GB-428539-A
US-2423501-A,FR-832835-A
US-2423501-A,US-2184057-A
US-2423501-A,GB-518130-A
US-2423501-A,GB-543609-A
US-2423501-A,US-2292671-A
US-2424880-A,US-763828-A
US-2424880-A,FR-626727-A
US-2424880-A,US-2198624-A
US-2424880-A,US-2199515-A
US-2424880-A,US-2382048-A
US-2426437-A,US-1063803-A
US-2426437-A,US-1541579-A
US-2426437-A,US-1565437-A
US-2426437-A,US-2017778-A
US-2426437-A,US-2099957-A
US-2427210-A,US-720703-A
US-2427210-A,US-1138737-A
US-2427210-A,DE-486637-C
US-2427210-A,FR-758125-A
US-2427210-A,US-2277672-A
US-2427528-A,US-1764368-A
US-2427528-A,US-1917379-A
US-2427528-A,US-2013363-A
US-2427528-A,US-2016469-A
US-2427708-A,US-500697-A
US-2427708-A,US-515443-A
US-2427708-A,GB-189513959-A
US-2427708-A,US-1124304-A
US-2427708-A,US-1303911-A
US-2427708-A,US-1694122-A
US-2427708-A,US-2086507-A
US-2427708-A,US-2154128-A
US-2427708-A,US-2176774-A
US-2428067-A,US-1771096-A
US-2428067-A,US-1921751-A
US-2428067-A,US-2127141-A
US-2428067-A,US-2383768-A
US-2428067-A,US-2411105-A
US-2430457-A,US-1169475-A
US-2430457-A,US-2114016-A
US-2433049-A,US-201449-A
US-2433049-A,US-223315-A
US-2433049-A,US-1049326-A
US-2433049-A,US-1195440-A
US-2433049-A,AU-1076027-A
US-2433720-A,US-1708222-A
US-2433720-A,US-1724675-A
US-2433720-A,US-2015633-A
US-2433720-A,US-2027721-A
US-2433720-A,US-2039036-A
US-2433720-A,US-2048114-A
US-2433720-A,US-2185524-A
US-2433720-A,US-2354157-A
US-2435971-A,US-249523-A
US-2435971-A,US-342895-A
US-2435971-A,US-455195-A
US-2435971-A,US-659778-A
US-2435971-A,US-969871-A
US-2435971-A,US-975966-A
US-2435971-A,US-1184496-A
US-2435971-A,US-1326423-A
US-2435971-A,FR-565043-A
US-2435971-A,US-1530566-A
US-2435971-A,US-1721161-A
US-2436956-A,US-713787-A
US-2436956-A,US-1641181-A
US-2436956-A,US-2222437-A
US-2437348-A,US-2205126-A
US-2437348-A,US-2238201-A
US-2437348-A,US-2269467-A
US-2437348-A,US-2297866-A
US-2437348-A,US-2309651-A
US-2437348-A,US-2309654-A
US-2437348-A,US-2317053-A
US-2437504-A,US-1861543-A
US-2437504-A,US-2409671-A
US-2437631-A,US-2215238-A
US-2437631-A,US-2335834-A
US-2440289-A,US-1931660-A
US-2440289-A,US-2054825-A
US-2440289-A,US-2063534-A
US-2440289-A,US-2128996-A
US-2440289-A,US-2225524-A
US-2440289-A,US-2226860-A
US-2440289-A,US-2289493-A
US-2440952-A,US-116408-A
US-2440952-A,US-478020-A
US-2440952-A,US-1153197-A
US-2440952-A,US-1168062-A
US-2440952-A,US-1347481-A
US-2440952-A,US-1703442-A
US-2440952-A,US-1809872-A
US-2440952-A,US-1922598-A
US-2440952-A,US-1991539-A
US-2440952-A,US-2099208-A
US-2440952-A,US-2150045-A
US-2440952-A,US-2275503-A
US-2440952-A,US-2339141-A
US-2441309-A,US-1006040-A
US-2441309-A,US-1006042-A
US-2441309-A,US-1167125-A
US-2441309-A,US-1373576-A
US-2441309-A,US-1691005-A
US-2441309-A,US-1782790-A
US-2441309-A,US-2014441-A
US-2441309-A,US-2202820-A
US-2441309-A,CH-216527-A
US-2441309-A,GB-551166-A
US-2441564-A,US-1640821-A
US-2441564-A,US-1853148-A
US-2441564-A,US-1888541-A
US-2441564-A,US-1965330-A
US-2441564-A,US-2013764-A
US-2441596-A,US-271909-A
US-2441596-A,GB-189804097-A
US-2442163-A,US-991578-A
US-2442163-A,US-1115426-A
US-2442163-A,US-1389351-A
US-2442163-A,US-1730003-A
US-2442163-A,US-1807885-A
US-2442163-A,US-2072676-A
US-2442163-A,US-2075639-A
US-2442163-A,US-2097178-A
US-2442163-A,US-2188636-A
US-2442163-A,GB-528688-A
US-2442163-A,US-2225853-A
US-2442163-A,US-2298929-A
US-2442163-A,US-2341716-A
US-2442163-A,US-2350270-A
US-2442374-A,GB-114911-A
US-2442374-A,US-36686-A
US-2442374-A,US-1275686-A
US-2442374-A,US-1289702-A
US-2442374-A,US-1322083-A
US-2442374-A,US-1447198-A
US-2442374-A,US-2139665-A
US-2442374-A,US-2330393-A
US-2442475-A,US-1283949-A
US-2442475-A,US-1423059-A
US-2442475-A,US-1520424-A
US-2442475-A,US-1530415-A
US-2442475-A,US-1671038-A
US-2442475-A,US-1776784-A
US-2442475-A,US-1787063-A
US-2442475-A,US-1901494-A
US-2442475-A,US-1914852-A
US-2442475-A,US-2011328-A
US-2442475-A,US-2080198-A
US-2442475-A,US-2153296-A
US-2442475-A,US-2247175-A
US-2442475-A,US-2964275-A
US-2443620-A,US-1313020-A
US-2443620-A,US-1515385-A
US-2443620-A,US-1603189-A
US-2443620-A,US-RE19390-E
US-2443620-A,US-2097591-A
US-2443620-A,US-2348066-A
US-2443620-A,US-2388298-A
US-2444584-A,US-1043238-A
US-2444584-A,GB-197158-A
US-2444584-A,US-1580788-A
US-2444584-A,US-1813670-A
US-2444584-A,US-1858656-A
US-2444584-A,FR-779845-A
US-2444584-A,US-2051060-A
US-2446209-A,US-957617-A
US-2446209-A,US-1090452-A
US-2446209-A,GB-218139-A
US-2446209-A,US-2154227-A
US-2446370-A,GB-191402431-A
US-2446370-A,US-1615498-A
US-2446370-A,US-2300091-A
US-2447328-A,US-2288150-A
US-2447328-A,US-2319390-A
US-2447600-A,US-2102611-A
US-2447600-A,US-2123504-A
US-2447600-A,US-2322696-A
US-2450698-A,US-730523-A
US-2450698-A,US-781805-A
US-2450698-A,US-1470428-A
US-2450698-A,FR-628774-A
US-2450698-A,US-1884021-A
US-2450976-A,US-1335494-A
US-2450976-A,US-1906680-A
US-2450976-A,US-2040532-A
US-2451301-A,US-484790-A
US-2451301-A,US-518625-A
US-2451301-A,US-758763-A
US-2451301-A,US-2113115-A
US-2451301-A,US-2370920-A
US-2452588-A,US-493268-A
US-2452588-A,US-1485835-A
US-2452588-A,DE-540805-C
US-2452588-A,US-1882815-A
US-2452588-A,US-2243413-A
US-2452588-A,US-2393177-A
US-2453207-A,
US-2453751-A,US-2009368-A
US-2453751-A,US-2125969-A
US-2453751-A,US-2253501-A
US-2453751-A,US-2356414-A
US-2453751-A,US-2370058-A
US-2454300-A,US-669847-A
US-2454300-A,US-740019-A
US-2454300-A,US-854113-A
US-2454300-A,US-878058-A
US-2454300-A,US-1037897-A
US-2454300-A,US-1051728-A
US-2454300-A,FR-660620-A
US-2454300-A,US-1859213-A
US-2454300-A,US-2136228-A
US-2455660-A,US-203275-A
US-2455660-A,US-412138-A
US-2455660-A,US-630761-A
US-2455660-A,US-1276774-A
US-2455660-A,US-2334752-A
US-2455800-A,US-745153-A
US-2455800-A,US-1264682-A
US-2455800-A,US-2217271-A
US-2455877-A,US-1839303-A
US-2455877-A,US-1888962-A
US-2455877-A,US-2312503-A
US-2456042-A,US-2268490-A
US-2456042-A,US-2365768-A
US-2456042-A,US-2377566-A
US-2456042-A,US-2383898-A
US-2458219-A,US-207909-A
US-2458219-A,US-1325964-A
US-2458219-A,US-1499280-A
US-2458219-A,US-1799185-A
US-2458219-A,US-2054568-A
US-2458281-A,US-2273266-A
US-2458281-A,US-2318807-A
US-2458281-A,US-2322396-A
US-2458281-A,US-2351528-A
US-2458281-A,US-2367066-A
US-2458817-A,US-1580462-A
US-2458817-A,US-1604868-A
US-2459282-A,US-1764311-A
US-2459282-A,US-1806347-A
US-2459282-A,GB-363615-A
US-2459282-A,US-1922221-A
US-2459282-A,US-1960316-A
US-2459282-A,US-1976901-A
US-2459282-A,US-1978323-A
US-2459282-A,US-2134752-A
US-2459282-A,US-2248415-A
US-2459282-A,US-2264285-A
US-2459282-A,US-2280962-A
US-2459282-A,US-2296045-A
US-2459282-A,US-2305577-A
US-2459468-A,US-976129-A
US-2459468-A,US-1005555-A
US-2459468-A,US-1531041-A
US-2459468-A,US-1707303-A
US-2459468-A,US-1976600-A
US-2459468-A,US-2095368-A
US-2459468-A,US-2107374-A
US-2459468-A,US-2149371-A
US-2459468-A,US-2178339-A
US-2459468-A,US-2250837-A
US-2459468-A,US-2308144-A
US-2459468-A,US-2347607-A
US-2459468-A,US-2382661-A
US-2460032-A,US-980671-A
US-2460032-A,US-1347470-A
US-2460032-A,US-1984806-A
US-2460032-A,US-2021745-A
US-2460032-A,US-2269695-A
US-2460032-A,US-2277990-A
US-2460032-A,US-2344698-A
US-2460032-A,US-2358408-A
US-2460870-A,US-778688-A
US-2460870-A,US-851056-A
US-2460870-A,US-1341429-A
US-2460870-A,US-2321536-A
US-2460870-A,US-2358943-A
US-2462599-A,US-2004613-A
US-2462599-A,GB-441576-A
US-2462599-A,US-2106556-A
US-2462599-A,US-2280725-A
US-2462599-A,US-2309490-A
US-2465750-A,US-703096-A
US-2465750-A,GB-174489-A
US-2465750-A,US-1911726-A
US-2465750-A,US-2227945-A
US-2465750-A,US-2304299-A
US-2465750-A,US-2312855-A
US-2465750-A,US-2348698-A
US-2471122-A,US-1826466-A
US-2473326-A,US-1054265-A
US-2473326-A,US-1147264-A
US-2473326-A,US-2243369-A
US-2473326-A,US-2288047-A
US-2474094-A,US-1400345-A
US-2474094-A,US-1594233-A
US-2474094-A,US-2037024-A
US-2474094-A,US-2119772-A
US-2474094-A,US-2162367-A
US-2474094-A,US-2395039-A
US-2474560-A,GB-191309958-A
US-2474560-A,CH-72131-A
US-2474560-A,GB-191515208-A
US-2474560-A,GB-128244-A
US-2474560-A,FR-492425-A
US-2474560-A,GB-129319-A
US-2474560-A,US-1364525-A
US-2474560-A,US-1561992-A
US-2474560-A,US-1592490-A
US-2474560-A,GB-290345-A
US-2474560-A,GB-299940-A
US-2474560-A,GB-310398-A
US-2474560-A,GB-332398-A
US-2474560-A,US-1874422-A
US-2474560-A,US-1902107-A
US-2475174-A,US-767911-A
US-2475174-A,US-1201800-A
US-2475174-A,US-1336735-A
US-2475174-A,US-1460564-A
US-2475174-A,US-1538054-A
US-2475174-A,US-2345945-A
US-2475288-A,US-2348976-A
US-2475288-A,US-2349771-A
US-2475288-A,US-2368667-A
US-2475305-A,US-464279-A
US-2475305-A,FR-40596-E
US-2475409-A,US-2342114-A
US-2475409-A,US-2342113-A
US-2475409-A,US-2422881-A
US-2479400-A,GB-595657-A
US-2479400-A,US-1326366-A
US-2479400-A,US-1495823-A
US-2479400-A,US-1505600-A
US-2479400-A,US-1633577-A
US-2479400-A,US-2177266-A
US-2479400-A,US-2206720-A
US-2480314-A,US-312763-A
US-2480314-A,US-1621163-A
US-2480314-A,US-1857008-A
US-2480314-A,US-2391928-A
US-2480745-A,US-1645435-A
US-2480745-A,US-1654851-A
US-2480745-A,US-1768692-A
US-2480745-A,US-2109635-A
US-2480745-A,DE-697780-C
US-2481435-A,US-623188-A
US-2481435-A,US-1697535-A
US-2481435-A,US-1735011-A
US-2481435-A,US-1829473-A
US-2481435-A,US-2312947-A
US-2481435-A,US-2313270-A
US-2482871-A,US-1401474-A
US-2482871-A,US-1674285-A
US-2482871-A,US-1851722-A
US-2482871-A,US-2258262-A
US-2484698-A,US-439765-A
US-2484698-A,US-1022410-A
US-2484698-A,US-1516801-A
US-2484698-A,US-2078725-A
US-2485005-A,US-2064489-A
US-2485005-A,US-2113436-A
US-2485005-A,US-2118644-A
US-2485005-A,US-2221579-A
US-2485005-A,US-2234104-A
US-2485005-A,US-2262173-A
US-2485005-A,US-2282726-A
US-2485005-A,US-2300960-A
US-2485005-A,US-2300510-A
US-2485005-A,US-2353920-A
US-2485005-A,US-2376599-A
US-2485005-A,US-2398421-A
US-2485137-A,US-1792554-A
US-2485137-A,US-1905669-A
US-2485137-A,US-2174692-A
US-2485137-A,US-2177692-A
US-2485137-A,FR-849531-A
US-2485137-A,US-2181437-A
US-2485137-A,US-2257804-A
US-2485137-A,US-2269403-A
US-2485137-A,US-2294674-A
US-2485137-A,US-2368198-A
US-2485137-A,US-2379282-A
US-2485137-A,US-2379782-A
US-2485137-A,US-2386089-A
US-2485137-A,US-2444218-A
US-2485567-A,US-1851092-A
US-2485567-A,US-2430038-A
US-2487462-A,AT-65888-B
US-2487462-A,US-1414822-A
US-2487462-A,US-2001688-A
US-2487462-A,FR-825910-A
US-2487462-A,GB-493741-A
US-2487748-A,US-632942-A
US-2487748-A,GB-191217846-A
US-2487748-A,US-1326957-A
US-2487748-A,US-1331553-A
US-2487748-A,US-1367520-A
US-2487748-A,DE-458926-C
US-2487748-A,US-2331810-A
US-2491620-A,FR-352243-A
US-2491620-A,GB-190820396-A
US-2491620-A,US-1022196-A
US-2491620-A,US-1037664-A
US-2491620-A,US-1079288-A
US-2491620-A,DE-407243-C
US-2491620-A,US-1546552-A
US-2491620-A,US-1705940-A
US-2491620-A,US-2391196-A
US-2491874-A,US-1826383-A
US-2491874-A,US-2013415-A
US-2491874-A,GB-461454-A
US-2491874-A,US-2391573-A
US-2494386-A,US-1362068-A
US-2494386-A,GB-328983-A
US-2494386-A,US-1809480-A
US-2494386-A,FR-750759-A
US-2494386-A,US-2007781-A
US-2494386-A,US-2065427-A
US-2494386-A,US-2113757-A
US-2494386-A,US-2283827-A
US-2494386-A,US-2324609-A
US-2494386-A,US-2368969-A
US-2495307-A,US-296609-A
US-2495307-A,US-577311-A
US-2495307-A,US-676379-A
US-2495307-A,US-1222494-A
US-2495307-A,US-1676858-A
US-2495307-A,US-2054491-A
US-2495307-A,US-2067268-A
US-2495307-A,US-2191545-A
US-2495433-A,US-833364-A
US-2495433-A,US-1668408-A
US-2495433-A,US-1950773-A
US-2495433-A,US-1977077-A
US-2495433-A,US-1978788-A
US-2495433-A,US-2099922-A
US-2495433-A,US-2316482-A
US-2495433-A,US-2316940-A
US-2495433-A,US-2350383-A
US-2495433-A,US-2357914-A
US-2495433-A,US-2358310-A
US-2495433-A,US-2390068-A
US-2496529-A,US-1899890-A
US-2496529-A,US-1968339-A
US-2496529-A,US-1992845-A
US-2496529-A,US-2194181-A
US-2496529-A,US-2293627-A
US-2497225-A,US-1921530-A
US-2497225-A,US-2134197-A
US-2497225-A,US-2164982-A
US-2497420-A,GB-248998-A
US-2497420-A,US-1870270-A
US-2497420-A,US-2194835-A
US-2497420-A,US-2232248-A
US-2497420-A,US-2377853-A
US-2497575-A,US-966469-A
US-2497575-A,US-1047977-A
US-2497575-A,US-1265048-A
US-2497575-A,US-1706373-A
US-2499724-A,US-1998827-A
US-2499724-A,US-2128229-A
US-2499724-A,US-2211959-A
US-2499724-A,US-2271125-A
US-2499724-A,US-2278802-A
US-2499724-A,US-2395071-A
US-2499724-A,US-2412148-A
US-2499724-A,US-2411878-A
US-2499724-A,US-2417792-A
US-2499724-A,US-2425514-A
US-2499724-A,US-2429397-A
US-2499724-A,US-2430931-A
US-2499724-A,US-2442068-A
US-2500443-A,US-92572-A
US-2500443-A,US-903973-A
US-2500443-A,FR-459937-A
US-2500443-A,GB-191312255-A
US-2500443-A,DE-358312-C
US-2500443-A,US-1592415-A
US-2500443-A,GB-266705-A
US-2500443-A,US-1722469-A
US-2500443-A,US-1888424-A
US-2500443-A,US-2230973-A
US-2500443-A,US-2286919-A
US-2500443-A,US-2411508-A
US-2501778-A,US-1381089-A
US-2501778-A,US-2247743-A
US-2504607-A,US-396877-A
US-2504607-A,US-806815-A
US-2504607-A,US-1694140-A
US-2504607-A,US-2060606-A
US-2504607-A,US-2325926-A
US-2504607-A,US-2452876-A
US-2504683-A,US-702495-A
US-2504683-A,US-1009098-A
US-2504683-A,US-1275058-A
US-2504683-A,US-1329398-A
US-2504683-A,US-1633304-A
US-2504683-A,US-1708781-A
US-2504683-A,US-1959404-A
US-2504915-A,US-2279144-A
US-2504915-A,US-2293102-A
US-2505731-A,NL-44307-C
US-2505731-A,FR-746053-A
US-2505731-A,FR-813441-A
US-2505731-A,US-2307692-A
US-2505731-A,US-2371540-A
US-2506373-A,US-1079997-A
US-2506373-A,US-1133622-A
US-2506373-A,US-1196252-A
US-2506373-A,US-1608432-A
US-2506373-A,US-1632227-A
US-2506373-A,US-1950964-A
US-2506373-A,US-2043442-A
US-2508044-A,US-1182466-A
US-2508044-A,US-2202147-A
US-2508044-A,US-2212974-A
US-2508044-A,US-2270286-A
US-2508716-A,US-721985-A
US-2508716-A,US-846905-A
US-2508716-A,US-2087916-A
US-2508716-A,US-2278074-A
US-2509065-A,US-2169831-A
US-2509065-A,US-2173221-A
US-2509065-A,US-2276455-A
US-2509065-A,US-2449524-A
US-2510313-A,GB-342519-A
US-2510313-A,US-2402621-A
US-2510313-A,US-2438787-A
US-2510412-A,NL-40335-C
US-2510412-A,US-623298-A
US-2510412-A,FR-746542-A
US-2511734-A,US-983800-A
US-2511734-A,US-1067034-A
US-2511734-A,US-2161732-A
US-2511734-A,US-2237719-A
US-2513897-A,US-1362460-A
US-2513897-A,US-1439248-A
US-2513897-A,DE-641571-C
US-2515166-A,US-833141-A
US-2515166-A,US-1481152-A
US-2515166-A,US-1586310-A
US-2515166-A,US-1644078-A
US-2515166-A,US-1957921-A
US-2515166-A,US-2185949-A
US-2515168-A,US-637252-A
US-2515168-A,US-1175568-A
US-2515168-A,US-1255308-A
US-2515168-A,US-1410603-A
US-2515168-A,US-1466540-A
US-2515168-A,US-1719162-A
US-2515168-A,US-1918479-A
US-2515168-A,US-2008821-A
US-2515168-A,US-2255536-A
US-2515168-A,US-2367240-A
US-2515168-A,US-2370630-A
US-2515183-A,US-2291147-A
US-2515183-A,US-2392999-A
US-2515183-A,US-2462155-A
US-2515589-A,US-56885-A
US-2515589-A,US-316489-A
US-2515589-A,US-533182-A
US-2515589-A,US-936713-A
US-2515589-A,US-1834750-A
US-2515589-A,US-2024650-A
US-2515589-A,US-2309288-A
US-2515589-A,US-2411998-A
US-2515589-A,US-2420359-A
US-2516542-A,US-1186697-A
US-2516542-A,US-1580070-A
US-2516542-A,US-2164432-A
US-2516542-A,CH-209772-A
US-2517137-A,GB-191217181-A
US-2517137-A,DE-320450-C
US-2517137-A,US-1545147-A
US-2517137-A,US-1656112-A
US-2517137-A,FR-657493-A
US-2517137-A,US-1796778-A
US-2517389-A,GB-191004959-A
US-2517389-A,US-1012389-A
US-2517389-A,US-1661778-A
US-2517389-A,US-1753806-A
US-2517389-A,US-1774204-A
US-2517389-A,US-1785937-A
US-2517389-A,US-1815586-A
US-2517389-A,US-1887477-A
US-2517389-A,US-2027435-A
US-2517389-A,US-2055464-A
US-2517389-A,US-2070553-A
US-2517389-A,US-2185356-A
US-2517389-A,US-2197032-A
US-2517389-A,US-2319852-A
US-2517512-A,US-149138-A
US-2517512-A,US-2055071-A
US-2517512-A,US-2347857-A
US-2518544-A,US-1536631-A
US-2518544-A,US-1909496-A
US-2518544-A,US-1943859-A
US-2518544-A,DE-627024-C
US-2518544-A,US-2143128-A
US-2519130-A,US-2131781-A
US-2519130-A,US-2168726-A
US-2519130-A,US-2219994-A
US-2520416-A,US-902896-A
US-2520416-A,US-932545-A
US-2520416-A,US-1244977-A
US-2520416-A,US-1340661-A
US-2520416-A,US-1537886-A
US-2520416-A,US-1946617-A
US-2520416-A,US-2045674-A
US-2520416-A,US-2212349-A
US-2520975-A,US-479481-A
US-2520975-A,US-807857-A
US-2520975-A,US-1191691-A
US-2520975-A,FR-621259-A
US-2520975-A,US-2237751-A
US-2522010-A,US-206906-A
US-2522010-A,US-1979576-A
US-2522010-A,US-1989382-A
US-2525172-A,US-606326-A
US-2525172-A,US-1193555-A
US-2525172-A,US-1938316-A
US-2525172-A,US-1975046-A
US-2525172-A,US-2007288-A
US-2525172-A,US-2095036-A
US-2525172-A,US-2276811-A
US-2525172-A,US-2416777-A
US-2525172-A,US-2418572-A
US-2525172-A,US-2430110-A
US-2525183-A,US-504424-A
US-2525183-A,US-1235095-A
US-2525183-A,US-1282881-A
US-2525183-A,US-1584464-A
US-2525183-A,US-2230150-A
US-2525215-A,US-1955306-A
US-2525215-A,US-2169585-A
US-2525215-A,US-2327310-A
US-2527469-A,US-430804-A
US-2527469-A,US-1916997-A
US-2527469-A,US-2106801-A
US-2527469-A,US-2110858-A
US-2530737-A,US-1344930-A
US-2530737-A,US-1640362-A
US-2530737-A,US-2138974-A
US-2530737-A,US-2177304-A
US-2530737-A,US-2332000-A
US-2531599-A,US-176178-A
US-2531599-A,US-359891-A
US-2531599-A,US-1243176-A
US-2531599-A,US-1466695-A
US-2531599-A,US-1791601-A
US-2531599-A,US-2067858-A
US-2531599-A,US-2092278-A
US-2531599-A,US-2423509-A
US-2531599-A,US-2469742-A
US-2533036-A,US-573579-A
US-2533036-A,US-600194-A
US-2533036-A,US-1141580-A
US-2533036-A,US-1179871-A
US-2533036-A,US-1885572-A
US-2533647-A,US-1102984-A
US-2533647-A,US-1349876-A
US-2533647-A,FR-577032-A
US-2533647-A,US-1574545-A
US-2533647-A,US-1631662-A
US-2533647-A,US-1676501-A
US-2533647-A,US-1700269-A
US-2533647-A,US-1860958-A
US-2533647-A,US-2069960-A
US-2533647-A,US-2136727-A
US-2533647-A,US-2157265-A
US-2533647-A,US-2175866-A
US-2533647-A,US-2194599-A
US-2533647-A,US-2286853-A
US-2533647-A,US-2384836-A
US-2533647-A,US-2443707-A
US-2534689-A,US-1842130-A
US-2534689-A,US-2057056-A
US-2534689-A,US-2099539-A
US-2534689-A,US-2136426-A
US-2534689-A,US-2273071-A
US-2534693-A,US-464478-A
US-2534693-A,US-885866-A
US-2534693-A,US-1299177-A
US-2534693-A,US-1423825-A
US-2534693-A,US-1940537-A
US-2534693-A,US-2131198-A
US-2534693-A,US-2317699-A
US-2534693-A,US-2348065-A
US-2535880-A,US-1042200-A
US-2535880-A,US-1709189-A
US-2535880-A,US-1935409-A
US-2535880-A,US-2254097-A
US-2535880-A,US-2345560-A
US-2535880-A,US-2470795-A
US-2536514-A,US-2444316-A
US-2536514-A,US-2448092-A
US-2536514-A,US-2455003-A
US-2536670-A,US-1134798-A
US-2536670-A,US-1238973-A
US-2536670-A,US-1269239-A
US-2536670-A,US-1286478-A
US-2536670-A,US-1330942-A
US-2536670-A,US-1695075-A
US-2536670-A,US-1783345-A
US-2536670-A,US-2137190-A
US-2536670-A,US-2285680-A
US-2537330-A,US-897675-A
US-2537330-A,US-1673149-A
US-2537330-A,US-1829765-A
US-2537330-A,US-2027605-A
US-2537330-A,US-2039544-A
US-2539013-A,US-1217988-A
US-2539013-A,US-1247535-A
US-2539013-A,US-1412631-A
US-2539013-A,US-1512250-A
US-2539013-A,US-1655467-A
US-2539013-A,US-1775545-A
US-2539013-A,US-1803391-A
US-2539013-A,US-1808405-A
US-2539013-A,US-1808406-A
US-2539013-A,US-1872005-A
US-2539013-A,US-1902088-A
US-2539013-A,US-2013141-A
US-2539013-A,US-2336551-A
US-2539559-A,US-16822-A
US-2539559-A,US-486298-A
US-2539559-A,US-549678-A
US-2539559-A,US-752803-A
US-2539559-A,US-1518412-A
US-2539559-A,US-1601723-A
US-2539559-A,FR-616824-A
US-2539559-A,US-1916912-A
US-2539559-A,US-1952437-A
US-2539559-A,CH-194719-A
US-2539559-A,US-2148196-A
US-2539559-A,US-2156313-A
US-2539559-A,US-2176395-A
US-2539559-A,US-2196323-A
US-2539559-A,US-2249274-A
US-2539559-A,US-2281642-A
US-2539559-A,US-2387699-A
US-2540870-A,US-RE18555-E
US-2540870-A,US-1954975-A
US-2540870-A,US-2228294-A
US-2540870-A,US-2290330-A
US-2541335-A,US-1675350-A
US-2541335-A,US-2098301-A
US-2542248-A,GB-356862-A
US-2542248-A,US-1177927-A
US-2542248-A,US-1898090-A
US-2542248-A,US-1899656-A
US-2542248-A,US-2171496-A
US-2542248-A,US-2192100-A
US-2542248-A,US-2195334-A
US-2542248-A,US-2275450-A
US-2542248-A,US-2430773-A
US-2542467-A,US-537172-A
US-2542467-A,US-970627-A
US-2542467-A,GB-123654-A
US-2542467-A,US-1362039-A
US-2542467-A,US-1607524-A
US-2543040-A,US-1773698-A
US-2543040-A,US-1952895-A
US-2543040-A,US-2011610-A
US-2543040-A,US-2015545-A
US-2543040-A,US-2199387-A
US-2543040-A,US-2199638-A
US-2543040-A,US-2262026-A
US-2543040-A,US-2312915-A
US-2543040-A,US-2358357-A
US-2543126-A,US-1834729-A
US-2545433-A,US-2437719-A
US-2545433-A,US-2440659-A
US-2545433-A,US-2443598-A
US-2547650-A,US-1789369-A
US-2547650-A,US-2043241-A
US-2547650-A,US-2071607-A
US-2549422-A,US-1963600-A
US-2549422-A,US-2244500-A
US-2549422-A,US-2380894-A
US-2549422-A,US-2453461-A
US-2549487-A,US-675724-A
US-2549487-A,DE-469737-C
US-2549487-A,US-1958222-A
US-2551709-A,US-2067794-A
US-2551709-A,GB-481968-A
US-2551709-A,US-2444305-A
US-2552725-A,US-880816-A
US-2552725-A,US-1089381-A
US-2552725-A,US-1790786-A
US-2552725-A,US-2292580-A
US-2555932-A,US-660399-A
US-2555932-A,US-673932-A
US-2555932-A,US-692371-A
US-2555932-A,US-1617500-A
US-2555932-A,US-1808353-A
US-2555932-A,GB-469624-A
US-2555932-A,US-2158832-A
US-2555932-A,US-2469065-A
US-2557171-A,US-668197-A
US-2557171-A,US-1693052-A
US-2557171-A,US-2000992-A
US-2557171-A,US-2306553-A
US-2557171-A,US-2411680-A
US-2557171-A,US-2413752-A
US-2557171-A,US-2475957-A
US-2558641-A,US-98294-A
US-2558641-A,US-569067-A
US-2558641-A,US-1156745-A
US-2558641-A,US-1643589-A
US-2559660-A,
US-2559994-A,GB-190703237-A
US-2559994-A,US-1429900-A
US-2559994-A,DE-361261-C
US-2559994-A,US-1611622-A
US-2559994-A,US-1649487-A
US-2559994-A,US-2057842-A
US-2560142-A,US-1288433-A
US-2560142-A,GB-188362-A
US-2560142-A,US-1439706-A
US-2560142-A,US-1512977-A
US-2560142-A,US-1772262-A
US-2560142-A,US-1822006-A
US-2560142-A,US-2009382-A
US-2560142-A,US-2053856-A
US-2560142-A,US-2076611-A
US-2560142-A,US-2087708-A
US-2560142-A,US-2087775-A
US-2560142-A,US-2100482-A
US-2560142-A,US-2308716-A
US-2560142-A,US-2439463-A
US-2560977-A,US-1019755-A
US-2560977-A,US-1227543-A
US-2560977-A,US-2093557-A
US-2560977-A,US-2161640-A
US-2560977-A,US-2208042-A
US-2560977-A,US-2303699-A
US-2560977-A,US-2329095-A
US-2560977-A,US-2371937-A
US-2562563-A,NL-19259-C
US-2562563-A,US-930909-A
US-2562563-A,US-1409123-A
US-2562563-A,US-1793465-A
US-2562563-A,US-1813575-A
US-2562563-A,US-1821934-A
US-2562563-A,DE-583943-C
US-2562563-A,US-2015832-A
US-2562563-A,US-2183837-A
US-2562563-A,US-2250976-A
US-2562563-A,US-2381965-A
US-2562660-A,US-2102951-A
US-2562660-A,US-2185363-A
US-2562660-A,US-2185367-A
US-2562660-A,US-2207511-A
US-2562660-A,US-2234690-A
US-2562660-A,US-2265996-A
US-2562660-A,US-2356761-A
US-2562660-A,US-2405237-A
US-2562660-A,US-2428058-A
US-2562800-A,US-1756817-A
US-2562800-A,US-2147547-A
US-2562800-A,US-2174248-A
US-2562800-A,US-2239534-A
US-2562800-A,US-2242260-A
US-2562800-A,US-2319662-A
US-2562800-A,US-2384935-A
US-2564259-A,US-587967-A
US-2564259-A,US-617524-A
US-2564259-A,US-628465-A
US-2564259-A,US-1270718-A
US-2564259-A,US-1495943-A
US-2564259-A,US-1569773-A
US-2564259-A,US-1920028-A
US-2564259-A,US-2049638-A
US-2564259-A,GB-475139-A
US-2565605-A,
US-2567479-A,US-354936-A
US-2567479-A,US-1859039-A
US-2567479-A,US-1973323-A
US-2567479-A,US-2069443-A
US-2567479-A,US-2126007-A
US-2567479-A,US-2150529-A
US-2567479-A,US-2243598-A
US-2567479-A,US-2480055-A
US-2567502-A,US-984055-A
US-2567502-A,US-1543188-A
US-2567502-A,US-2070849-A
US-2567502-A,US-2166063-A
US-2567502-A,US-2422384-A
US-2568310-A,US-1342307-A
US-2568310-A,US-1904208-A
US-2568310-A,US-2141890-A
US-2568310-A,US-2419847-A
US-2568310-A,US-2505178-A
US-2569283-A,US-932728-A
US-2569283-A,US-937100-A
US-2569283-A,US-986207-A
US-2569283-A,US-1026785-A
US-2569283-A,US-1244698-A
US-2569283-A,US-1311561-A
US-2569283-A,US-1386406-A
US-2569283-A,US-1388950-A
US-2569283-A,US-1548903-A
US-2569283-A,US-1853936-A
US-2569283-A,US-1889171-A
US-2569340-A,US-1071843-A
US-2569340-A,GB-224648-A
US-2569340-A,GB-294452-A
US-2569340-A,US-1719179-A
US-2569340-A,US-1962673-A
US-2569340-A,US-2382312-A
US-2569340-A,US-2386095-A
US-2569340-A,US-2404736-A
US-2569340-A,US-2473183-A
US-2569340-A,US-2513415-A
US-2569875-A,FR-387757-A
US-2569875-A,US-1144108-A
US-2569875-A,US-2328239-A
US-2570265-A,US-1422229-A
US-2570265-A,DE-461796-C
US-2570265-A,US-1770530-A
US-2571497-A,US-936233-A
US-2571497-A,US-1301278-A
US-2571497-A,US-1659498-A
US-2571497-A,US-1681169-A
US-2571497-A,US-1686849-A
US-2571497-A,US-1710635-A
US-2571497-A,US-1725297-A
US-2571497-A,US-2077716-A
US-2572240-A,US-1611947-A
US-2572240-A,US-1660663-A
US-2572240-A,US-1921250-A
US-2572240-A,US-2123820-A
US-2572240-A,US-2190373-A
US-2572240-A,US-2246410-A
US-2573922-A,US-573574-A
US-2573922-A,US-1962570-A
US-2573922-A,US-2011497-A
US-2573922-A,US-2201566-A
US-2573922-A,US-2263965-A
US-2573924-A,US-1729284-A
US-2573924-A,US-1804195-A
US-2575913-A,US-299189-A
US-2575913-A,US-362926-A
US-2575913-A,US-844933-A
US-2576384-A,US-88412-A
US-2576384-A,US-141750-A
US-2576384-A,US-178659-A
US-2576384-A,US-1098218-A
US-2576384-A,US-1315628-A
US-2576384-A,US-1363187-A
US-2576384-A,US-1645355-A
US-2576384-A,US-1753795-A
US-2576384-A,GB-481454-A
US-2576854-A,US-2019528-A
US-2576854-A,CH-181467-A
US-2577324-A,US-1818335-A
US-2577324-A,US-2261118-A
US-2577324-A,US-2290404-A
US-2579538-A,US-1288922-A
US-2579538-A,US-1522574-A
US-2579538-A,DE-492268-C
US-2579538-A,GB-364797-A
US-2579538-A,GB-377352-A
US-2579538-A,GB-435330-A
US-2579538-A,DE-658827-C
US-2579617-A,US-1768553-A
US-2579617-A,US-2045970-A
US-2579617-A,US-2070842-A
US-2579617-A,US-2073394-A
US-2579617-A,US-2331128-A
US-2579617-A,US-2382994-A
US-2579617-A,US-2420539-A
US-2579617-A,US-2524749-A
US-2579908-A,US-2333403-A
US-2579908-A,US-2434536-A
US-2580726-A,US-754549-A
US-2580726-A,US-978224-A
US-2580726-A,US-1984027-A
US-2580726-A,US-2189217-A
US-2580726-A,US-2447182-A
US-2580927-A,US-1604433-A
US-2580927-A,US-1680456-A
US-2580927-A,US-1708455-A
US-2580927-A,US-1798115-A
US-2580927-A,US-1872020-A
US-2580927-A,US-1935567-A
US-2580927-A,US-1944394-A
US-2580927-A,US-2013931-A
US-2580927-A,US-2063647-A
US-2580927-A,US-2140408-A
US-2580927-A,US-2161537-A
US-2580927-A,US-2339398-A
US-2580927-A,US-2405305-A
US-2582122-A,US-855948-A
US-2582122-A,US-960351-A
US-2582122-A,US-1063223-A
US-2582122-A,US-1104583-A
US-2582122-A,US-1128839-A
US-2582122-A,US-1144564-A
US-2582122-A,US-2249046-A
US-2582501-A,US-639604-A
US-2582501-A,US-881927-A
US-2582501-A,US-1430226-A
US-2582501-A,US-1586540-A
US-2582501-A,US-1713696-A
US-2582501-A,US-1841196-A
US-2582501-A,US-1986983-A
US-2582501-A,US-2128316-A
US-2582501-A,US-2165614-A
US-2582501-A,US-2240688-A
US-2582501-A,US-2433535-A
US-2584780-A,US-2279659-A
US-2584780-A,US-2304134-A
US-2584780-A,US-2419527-A
US-2584780-A,US-2456763-A
US-2585015-A,US-1818214-A
US-2585015-A,US-2427726-A
US-2585015-A,US-2465875-A
US-2585430-A,US-1986197-A
US-2585430-A,US-2158461-A
US-2585430-A,US-2196875-A
US-2585430-A,US-2198240-A
US-2585430-A,US-2198253-A
US-2585430-A,US-2226263-A
US-2585430-A,US-2338858-A
US-2585430-A,US-2384892-A
US-2585802-A,US-1889577-A
US-2585802-A,US-1917575-A
US-2585802-A,FR-774977-A
US-2585802-A,US-2177861-A
US-2585802-A,US-2231948-A
US-2585802-A,US-2313339-A
US-2587177-A,US-410398-A
US-2587177-A,US-970774-A
US-2587177-A,US-1160380-A
US-2587177-A,US-1285685-A
US-2587177-A,US-1404266-A
US-2587177-A,US-1688533-A
US-2587177-A,US-1884412-A
US-2587306-A,US-916795-A
US-2587306-A,US-1032989-A
US-2587306-A,US-1131058-A
US-2587306-A,US-1731352-A
US-2587306-A,US-1844784-A
US-2587306-A,US-1883440-A
US-2587306-A,US-1893708-A
US-2587306-A,US-1947999-A
US-2587306-A,US-1990987-A
US-2587306-A,US-2106185-A
US-2587306-A,US-2147320-A
US-2587306-A,US-2151858-A
US-2587306-A,US-2247575-A
US-2587306-A,US-2283681-A
US-2587306-A,US-2371343-A
US-2587306-A,US-2371316-A
US-2587306-A,US-2474053-A
US-2587422-A,US-2383849-A
US-2587422-A,US-2453889-A
US-2587422-A,US-2474035-A
US-2588192-A,US-1595755-A
US-2588192-A,US-2223570-A
US-2588192-A,US-2288436-A
US-2588241-A,US-183080-A
US-2588241-A,US-191489-A
US-2588241-A,US-583193-A
US-2588241-A,US-1235839-A
US-2588241-A,US-1280261-A
US-2588241-A,US-1442445-A
US-2588241-A,US-2359669-A
US-2588260-A,US-2180672-A
US-2588260-A,US-2258111-A
US-2588465-A,US-279117-A
US-2588465-A,US-828958-A
US-2588465-A,US-866549-A
US-2588465-A,US-874871-A
US-2588465-A,US-1032636-A
US-2588465-A,US-1191728-A
US-2588534-A,US-237776-A
US-2588534-A,US-749814-A
US-2588534-A,US-1246625-A
US-2589054-A,US-502414-A
US-2589054-A,US-1254429-A
US-2589054-A,US-1704364-A
US-2589054-A,US-1882576-A
US-2589054-A,US-1999014-A
US-2589054-A,US-2209186-A
US-2589054-A,US-2232807-A
US-2589054-A,US-2322787-A
US-2590105-A,US-RE20447-E
US-2590105-A,US-2116552-A
US-2590105-A,US-2340690-A
US-2590105-A,US-2375495-A
US-2590357-A,US-1046932-A
US-2590357-A,US-1601401-A
US-2590357-A,US-1899815-A
US-2591144-A,US-1254963-A
US-2591144-A,GB-217011-A
US-2591144-A,US-1498282-A
US-2591144-A,GB-410413-A
US-2591144-A,US-2284352-A
US-2593381-A,
US-2595516-A,US-1506385-A
US-2595516-A,US-2082626-A
US-2595516-A,GB-499312-A
US-2595516-A,GB-499709-A
US-2595516-A,GB-513541-A
US-2595516-A,US-2200370-A
US-2595516-A,US-2247523-A
US-2595516-A,US-2378232-A
US-2595516-A,US-2417291-A
US-2595759-A,US-484074-A
US-2595759-A,FR-396476-A
US-2595759-A,FR-10710-E
US-2595759-A,US-1977798-A
US-2595759-A,GB-528018-A
US-2595759-A,US-2303104-A
US-2595759-A,US-2354842-A
US-2595910-A,US-490628-A
US-2595910-A,GB-195013-A
US-2595910-A,US-1528832-A
US-2595910-A,US-1538118-A
US-2595910-A,US-1665915-A
US-2595910-A,US-1748959-A
US-2595910-A,US-1773004-A
US-2595986-A,US-1343534-A
US-2595986-A,US-1551697-A
US-2595986-A,US-2344818-A
US-2596038-A,US-1055810-A
US-2596038-A,GB-210498-A
US-2596038-A,GB-225330-A
US-2596038-A,US-1665030-A
US-2596038-A,US-1746865-A
US-2596720-A,US-563867-A
US-2596720-A,US-2051772-A
US-2596720-A,US-2111515-A
US-2596720-A,US-2111098-A
US-2596720-A,US-2158501-A
US-2596720-A,US-2202329-A
US-2598260-A,US-667560-A
US-2598260-A,US-675771-A
US-2598260-A,US-931800-A
US-2598260-A,US-1507650-A
US-2598260-A,US-1602578-A
US-2598260-A,US-2254384-A
US-2598260-A,US-2319908-A
US-2599722-A,US-1183557-A
US-2599722-A,US-1478590-A
US-2599722-A,US-1507746-A
US-2599722-A,US-1515922-A
US-2599722-A,US-1635451-A
US-2599722-A,US-1996668-A
US-2599722-A,US-2016127-A
US-2599722-A,US-2103744-A
US-2599722-A,US-2201411-A
US-2599722-A,US-2266825-A
US-2599722-A,US-2290275-A
US-2599722-A,US-2326064-A
US-2599722-A,US-2348927-A
US-2599722-A,US-2359183-A
US-2599722-A,US-2371316-A
US-2599722-A,US-2453280-A
US-2599918-A,US-1218122-A
US-2599918-A,US-1322811-A
US-2599918-A,US-2185385-A
US-2599918-A,US-2334856-A
US-2599918-A,US-2484855-A
US-2603582-A,US-1962763-A
US-2603582-A,US-1971522-A
US-2603582-A,US-2101574-A
US-2603582-A,US-2165506-A
US-2603582-A,US-2228158-A
US-2603582-A,US-2316146-A
US-2603582-A,US-2326128-A
US-2603582-A,US-2326190-A
US-2603582-A,US-2334607-A
US-2603582-A,US-2351109-A
US-2603582-A,US-2409704-A
US-2603582-A,US-2409703-A
US-2604582-A,US-2126541-A
US-2604582-A,US-2175025-A
US-2604582-A,US-2180107-A
US-2604582-A,US-2192711-A
US-2604582-A,US-2278531-A
US-2604582-A,US-2288294-A
US-2604582-A,US-2292254-A
US-2604582-A,US-2300617-A
US-2604582-A,US-2310017-A
US-2604582-A,US-2337987-A
US-2604582-A,US-2347160-A
US-2604582-A,US-2347345-A
US-2604582-A,US-2354086-A
US-2604582-A,US-2440308-A
US-2604582-A,US-2444189-A
US-2605346-A,US-1002903-A
US-2605346-A,US-1658327-A
US-2605346-A,US-2138036-A
US-2605346-A,US-2222729-A
US-2605346-A,US-2402531-A
US-2605346-A,US-2413462-A
US-2605346-A,US-2420311-A
US-2605346-A,US-2427062-A
US-2605346-A,US-2427348-A
US-2605346-A,US-2433383-A
US-2605891-A,US-1254243-A
US-2605891-A,US-1504593-A
US-2605891-A,US-1506503-A
US-2605891-A,US-1981604-A
US-2605891-A,FR-775460-A
US-2605891-A,US-2325712-A
US-2606438-A,US-1904354-A
US-2606438-A,US-2038070-A
US-2606438-A,US-2051432-A
US-2606438-A,US-2093327-A
US-2606438-A,US-2201850-A
US-2606438-A,US-2421492-A
US-2606744-A,US-836975-A
US-2606744-A,US-2383666-A
US-2606744-A,US-2416796-A
US-2608067-A,US-1375393-A
US-2608067-A,US-1633166-A
US-2608067-A,CH-129992-A
US-2608067-A,US-1806317-A
US-2608067-A,US-1921719-A
US-2608067-A,US-1957016-A
US-2608067-A,US-2075105-A
US-2608067-A,US-2203406-A
US-2608067-A,US-2218793-A
US-2608067-A,US-2286538-A
US-2608067-A,US-2339903-A
US-2608067-A,US-2344311-A
US-2608067-A,US-2402547-A
US-2608067-A,US-2502098-A
US-2608436-A,US-680689-A
US-2608436-A,US-1872078-A
US-2608436-A,US-1920165-A
US-2608436-A,US-2376046-A
US-2608436-A,US-2452424-A
US-2608486-A,US-2374047-A
US-2608486-A,US-2393475-A
US-2609216-A,US-1846651-A
US-2609216-A,US-2095566-A
US-2609216-A,US-2122924-A
US-2609216-A,DK-64380-A
US-2609426-A,US-1267613-A
US-2609426-A,US-1633285-A
US-2609426-A,CH-134768-A
US-2609426-A,US-2125373-A
US-2609536-A,US-920290-A
US-2609536-A,US-1237038-A
US-2609536-A,US-1710785-A
US-2609536-A,GB-314688-A
US-2609536-A,US-1953215-A
US-2609613-A,US-851693-A
US-2609613-A,US-998541-A
US-2609613-A,US-1000360-A
US-2609613-A,US-1644676-A
US-2609613-A,US-1808320-A
US-2609613-A,US-1831381-A
US-2609613-A,US-1943645-A
US-2609613-A,US-1956917-A
US-2609613-A,US-RE19994-E
US-2609613-A,US-2398487-A
US-2609641-A,US-810835-A
US-2609641-A,US-894211-A
US-2609641-A,US-1297853-A
US-2609641-A,US-1315375-A
US-2610552-A,US-1100552-A
US-2610552-A,US-1321291-A
US-2610552-A,FR-508193-A
US-2610552-A,US-1862850-A
US-2610552-A,US-1978373-A
US-2610552-A,US-2205361-A
US-2610552-A,US-2342539-A
US-2610552-A,US-2364478-A
US-2611719-A,GB-456442-A
US-2611719-A,US-2281613-A
US-2611719-A,US-2393157-A
US-2611719-A,US-2393208-A
US-2611719-A,US-2418782-A
US-2611719-A,US-2425840-A
US-2611719-A,US-2456647-A
US-2611719-A,US-2477316-A
US-2611719-A,US-2526654-A
US-2611786-A,
US-2612960-A,US-2232219-A
US-2612960-A,US-2346856-A
US-2612960-A,US-2374708-A
US-2612960-A,US-2375429-A
US-2612960-A,US-2399685-A
US-2612970-A,US-138897-A
US-2612970-A,US-138881-A
US-2612970-A,US-1718074-A
US-2612970-A,US-1940595-A
US-2612970-A,US-2226301-A
US-2612970-A,US-2247618-A
US-2613011-A,US-344447-A
US-2613011-A,US-968752-A
US-2613011-A,US-1666105-A
US-2613011-A,US-1680150-A
US-2613011-A,US-2358270-A
US-2613255-A,US-2049634-A
US-2613255-A,US-2146848-A
US-2613255-A,US-2255498-A
US-2613255-A,US-2346869-A
US-2613255-A,US-2416652-A
US-2613255-A,US-2444209-A
US-2613255-A,US-2468609-A
US-2613541-A,US-1257128-A
US-2613541-A,US-1439304-A
US-2613541-A,US-1762802-A
US-2613541-A,US-1844568-A
US-2613541-A,US-2084321-A
US-2613541-A,US-2370580-A
US-2615144-A,US-1564070-A
US-2615144-A,US-1666858-A
US-2615144-A,US-1742662-A
US-2615144-A,US-1931737-A
US-2615144-A,US-2233779-A
US-2615144-A,US-2324772-A
US-2615144-A,US-2412824-A
US-2615144-A,US-2444435-A
US-2615144-A,US-2450629-A
US-2615699-A,DE-263200-C
US-2615699-A,US-522549-A
US-2615699-A,GB-189412880-A
US-2615699-A,US-1288504-A
US-2615699-A,FR-540647-A
US-2615699-A,US-1531112-A
US-2615699-A,GB-374707-A
US-2615699-A,US-1889463-A
US-2615699-A,GB-526609-A
US-2615699-A,US-2227164-A
US-2615699-A,US-2375336-A
US-2615699-A,US-2405593-A
US-2615988-A,US-1420180-A
US-2615988-A,US-1639819-A
US-2615988-A,US-1743312-A
US-2615988-A,US-1906292-A
US-2616001-A,US-1673222-A
US-2616001-A,US-1792979-A
US-2616001-A,US-2323351-A
US-2616001-A,US-2452223-A
US-2616974-A,US-2093117-A
US-2616974-A,US-2106360-A
US-2616974-A,US-2170403-A
US-2616974-A,US-2344634-A
US-2616974-A,US-2367769-A
US-2616974-A,US-2370239-A
US-2616974-A,US-2427000-A
US-2617289-A,US-799338-A
US-2617289-A,US-1166381-A
US-2617289-A,US-1268900-A
US-2617289-A,US-1543447-A
US-2617289-A,US-1549581-A
US-2617289-A,US-1793254-A
US-2617289-A,US-1957586-A
US-2618220-A,DE-236735-C
US-2618220-A,US-19672-A
US-2618220-A,US-88180-A
US-2618220-A,US-402999-A
US-2618220-A,US-456014-A
US-2618220-A,US-670718-A
US-2618220-A,US-675814-A
US-2618220-A,US-857039-A
US-2618220-A,US-1061060-A
US-2618220-A,US-1062487-A
US-2618220-A,GB-168462-A
US-2618220-A,US-1872206-A
US-2618220-A,US-1908060-A
US-2618220-A,US-1930807-A
US-2618220-A,US-1986352-A
US-2618220-A,US-1987370-A
US-2619079-A,US-1585095-A
US-2619079-A,US-1779596-A
US-2619079-A,US-1836635-A
US-2619079-A,US-2155068-A
US-2619079-A,US-2228097-A
US-2620329-A,US-2366007-A
US-2620329-A,US-2398736-A
US-2620329-A,GB-593519-A
US-2620329-A,GB-598069-A
US-2620329-A,GB-598558-A
US-2621157-A,US-702811-A
US-2621157-A,US-1602052-A
US-2621157-A,US-1708118-A
US-2621157-A,US-1952211-A
US-2621157-A,US-2171853-A
US-2621592-A,US-1016511-A
US-2621592-A,US-2157621-A
US-2621592-A,US-2186764-A
US-2622004-A,
US-2622387-A,US-500848-A
US-2622387-A,US-1760660-A
US-2622387-A,US-1780180-A
US-2622387-A,US-1892965-A
US-2622387-A,US-2105548-A
US-2622387-A,US-2205827-A
US-2622387-A,US-2304147-A
US-2623110-A,US-1608094-A
US-2623110-A,US-2224808-A
US-2623110-A,US-2262393-A
US-2623110-A,US-2266779-A
US-2623644-A,US-637182-A
US-2624104-A,US-656016-A
US-2624104-A,US-1482579-A
US-2624104-A,US-1674087-A
US-2624104-A,US-1813944-A
US-2624104-A,US-1840638-A
US-2624104-A,US-1909748-A
US-2624104-A,US-1947004-A
US-2624104-A,US-2127149-A
US-2624104-A,US-2215134-A
US-2624104-A,US-2500886-A
US-2624427-A,US-757986-A
US-2624427-A,US-811951-A
US-2624427-A,US-902155-A
US-2624427-A,US-1166219-A
US-2624427-A,US-2159735-A
US-2624516-A,US-1498181-A
US-2624516-A,US-1675941-A
US-2624516-A,DE-509866-C
US-2624516-A,US-1847009-A
US-2624516-A,US-1897195-A
US-2624516-A,US-1935344-A
US-2624516-A,US-1953058-A
US-2624516-A,US-2111663-A
US-2624516-A,US-2236548-A
US-2626010-A,US-2259839-A
US-2626010-A,GB-573871-A
US-2626010-A,US-2457321-A
US-2626923-A,US-2243329-A
US-2626923-A,US-2295169-A
US-2626923-A,US-2562878-A
US-2628297-A,US-650915-A
US-2628297-A,US-1560778-A
US-2628297-A,US-1708936-A
US-2628297-A,US-2187369-A
US-2628297-A,US-2250738-A
US-2628297-A,US-2419942-A
US-2629012-A,US-1912983-A
US-2629012-A,US-2320150-A
US-2629012-A,US-2522461-A
US-2629012-A,US-2547515-A
US-2629781-A,US-1474053-A
US-2629781-A,US-1897533-A
US-2629781-A,CH-171185-A
US-2629781-A,US-2072657-A
US-2629781-A,US-2075056-A
US-2629781-A,US-2115280-A
US-2629781-A,US-2462839-A
US-2629857-A,US-1796430-A
US-2629857-A,US-2202605-A
US-2629857-A,US-2272070-A
US-2629857-A,US-2321611-A
US-2629857-A,US-2426225-A
US-2629857-A,US-2426204-A
US-2629857-A,US-2433407-A
US-2629857-A,US-2438908-A
US-2629857-A,US-2464607-A
US-2630981-A,US-233131-A
US-2630981-A,US-421478-A
US-2630981-A,US-439622-A
US-2630981-A,US-444766-A
US-2630981-A,US-579461-A
US-2630981-A,US-619278-A
US-2630981-A,US-693849-A
US-2630981-A,US-1281088-A
US-2630981-A,US-2031501-A
US-2630981-A,US-2317771-A
US-2630981-A,US-2463303-A
US-2632095-A,US-1331422-A
US-2632095-A,US-1399143-A
US-2632095-A,US-1413415-A
US-2632095-A,US-1445282-A
US-2632095-A,US-1525120-A
US-2632095-A,US-1536146-A
US-2632095-A,US-1593849-A
US-2632095-A,US-1744725-A
US-2632628-A,US-1367607-A
US-2632628-A,US-1511802-A
US-2632628-A,US-1819445-A
US-2632628-A,US-2118180-A
US-2632628-A,US-2398585-A
US-2632628-A,US-2423485-A
US-2632628-A,US-2437875-A
US-2632628-A,US-2455727-A
US-2633323-A,US-952107-A
US-2633323-A,US-1185509-A
US-2633323-A,US-1226192-A
US-2633323-A,US-1925540-A
US-2633323-A,US-2142019-A
US-2633323-A,US-2353363-A
US-2633323-A,US-2353364-A
US-2633323-A,US-2362523-A
US-2635797-A,US-1176598-A
US-2635797-A,US-1486566-A
US-2635797-A,US-1505182-A
US-2635797-A,US-1577298-A
US-2635797-A,US-1875107-A
US-2635797-A,US-2491062-A
US-2636341-A,US-1052172-A
US-2636341-A,US-2296268-A
US-2636341-A,US-2383979-A
US-2636341-A,US-2409533-A
US-2636341-A,US-2880777-A
US-2636979-A,
US-2637173-A,US-1318265-A
US-2637173-A,US-2073276-A
US-2637173-A,US-2231605-A
US-2637173-A,US-2298214-A
US-2637289-A,US-362368-A
US-2637289-A,US-1880463-A
US-2637289-A,GB-436698-A
US-2637289-A,US-2269837-A
US-2637289-A,US-2411267-A
US-2637289-A,US-2423605-A
US-2643739-A,US-1726625-A
US-2643739-A,US-1795034-A
US-2643739-A,US-2328812-A
US-2643739-A,US-2503424-A
US-2645454-A,US-1016334-A
US-2645454-A,US-1999174-A
US-2645454-A,US-2087403-A
US-2645454-A,US-2124154-A
US-2645720-A,US-2304910-A
US-2645720-A,US-2479882-A
US-2645720-A,US-2486902-A
US-2645720-A,US-2549987-A
US-2645720-A,US-2557662-A
US-2648315-A,US-1670490-A
US-2648315-A,US-1677887-A
US-2648315-A,US-1753192-A
US-2648315-A,US-1814555-A
US-2648315-A,US-1959866-A
US-2648315-A,GB-430021-A
US-2648315-A,US-2120129-A
US-2648315-A,US-2223215-A
US-2648315-A,US-RE21745-E
US-2648315-A,US-2268558-A
US-2648315-A,US-2333777-A
US-2648315-A,US-2536039-A
US-2649149-A,GB-515034-A
US-2649149-A,GB-520940-A
US-2649149-A,US-2235886-A
US-2649152-A,US-2207297-A
US-2649152-A,US-2221667-A
US-2649152-A,US-2298305-A
US-2649152-A,US-2382216-A
US-2649152-A,US-2395666-A
US-2649201-A,FR-390047-A
US-2649201-A,US-1619729-A
US-2649201-A,US-1738634-A
US-2649201-A,US-1784540-A
US-2649201-A,US-1932985-A
US-2649201-A,US-1994550-A
US-2649201-A,US-2037484-A
US-2649201-A,US-2092109-A
US-2649201-A,US-2116895-A
US-2649201-A,GB-504332-A
US-2649201-A,US-2357783-A
US-2649206-A,US-970071-A
US-2649206-A,US-1733029-A
US-2649206-A,US-2110466-A
US-2649206-A,US-2146413-A
US-2649206-A,US-2406436-A
US-2649206-A,US-2454575-A
US-2651492-A,US-1021226-A
US-2651492-A,US-1842957-A
US-2651492-A,US-1928504-A
US-2651492-A,US-2100489-A
US-2651492-A,US-2219994-A
US-2651492-A,US-2312605-A
US-2651492-A,US-2337861-A
US-2651492-A,US-2351328-A
US-2651492-A,US-2428830-A
US-2651492-A,US-2460778-A
US-2651492-A,US-2472062-A
US-2654984-A,US-507255-A
US-2654984-A,US-895147-A
US-2654984-A,US-2144905-A
US-2654984-A,US-2489516-A
US-2654984-A,US-2497729-A
US-2655308-A,US-2268320-A
US-2655308-A,US-2317019-A
US-2655308-A,US-2408867-A
US-2655308-A,US-2409375-A
US-2655308-A,US-2435990-A
US-2655308-A,US-2446663-A
US-2656297-A,US-2339958-A
US-2656297-A,US-2340452-A
US-2656297-A,US-2369471-A
US-2656297-A,US-2383839-A
US-2656297-A,US-2395419-A
US-2656297-A,US-2451865-A
US-2656297-A,GB-613018-A
US-2656297-A,US-2459891-A
US-2656297-A,US-2462977-A
US-2656297-A,US-2543229-A
US-2656297-A,US-2569540-A
US-2657225-A,US-2464397-A
US-2658071-A,US-2508334-A
US-2658132-A,US-1710755-A
US-2658132-A,US-1871697-A
US-2658132-A,US-2140349-A
US-2658132-A,US-2229952-A
US-2658132-A,US-2276822-A
US-2658132-A,US-2374012-A
US-2658132-A,US-2425183-A
US-2658132-A,US-2456938-A
US-2659697-A,US-2115341-A
US-2659697-A,US-2204601-A
US-2659697-A,US-2436272-A
US-2661266-A,US-2449463-A
US-2661266-A,US-2450588-A
US-2661266-A,US-2479238-A
US-2661718-A,US-894114-A
US-2661718-A,US-1148394-A
US-2661718-A,US-1292365-A
US-2661718-A,US-2268885-A
US-2662481-A,US-1680906-A
US-2662481-A,US-1894165-A
US-2662481-A,US-2134686-A
US-2662481-A,US-2292896-A
US-2662481-A,US-2472802-A
US-2663105-A,US-539318-A
US-2663105-A,US-890357-A
US-2663105-A,US-1338441-A
US-2663105-A,US-1794034-A
US-2663105-A,FR-781082-A
US-2663105-A,US-2220038-A
US-2663105-A,US-2521558-A
US-2664976-A,US-723555-A
US-2664976-A,US-2065715-A
US-2665290-A,GB-191215777-A
US-2665290-A,US-1716273-A
US-2665290-A,US-1838547-A
US-2665290-A,US-1870816-A
US-2665290-A,US-2037718-A
US-2665290-A,US-2101649-A
US-2665290-A,US-2107065-A
US-2665290-A,US-2470782-A
US-2665290-A,US-2505752-A
US-2666515-A,US-1151730-A
US-2666515-A,US-1349864-A
US-2670455-A,
US-2671562-A,US-633040-A
US-2671562-A,US-767747-A
US-2671562-A,DE-347969-C
US-2671562-A,DE-465212-C
US-2671562-A,US-1709291-A
US-2671562-A,US-1970788-A
US-2671562-A,US-1981310-A
US-2671562-A,US-2071670-A
US-2671562-A,US-2107532-A
US-2671562-A,US-2234599-A
US-2671562-A,US-2266840-A
US-2671562-A,US-2330589-A
US-2671562-A,US-2501924-A
US-2672535-A,US-1095311-A
US-2672535-A,US-1481470-A
US-2672535-A,US-1712665-A
US-2672535-A,US-2074260-A
US-2672535-A,US-2520237-A
US-2673523-A,US-807981-A
US-2673523-A,US-1553681-A
US-2673523-A,US-1715876-A
US-2673523-A,US-1736593-A
US-2673523-A,US-2067108-A
US-2673523-A,US-2475204-A
US-2673617-A,US-1222723-A
US-2673617-A,US-2122086-A
US-2673617-A,US-2457890-A
US-2673617-A,US-2473103-A
US-2673617-A,US-2514520-A
US-2673642-A,US-714138-A
US-2673642-A,GB-283331-A
US-2675216-A,US-2393290-A
US-2675216-A,US-2403720-A
US-2675216-A,US-2540607-A
US-2675246-A,US-1137993-A
US-2675246-A,US-2309214-A
US-2675246-A,US-2334364-A
US-2675488-A,US-1821029-A
US-2675488-A,US-1851236-A
US-2675488-A,US-1930496-A
US-2675488-A,US-1959238-A
US-2675488-A,US-2152645-A
US-2675488-A,US-2177259-A
US-2675488-A,US-2183606-A
US-2675488-A,US-2237713-A
US-2675488-A,US-2302554-A
US-2675488-A,GB-563774-A
US-2675488-A,US-2362652-A
US-2675488-A,US-2481034-A
US-2675488-A,US-2506384-A
US-2675488-A,US-2580275-A
US-2675609-A,US-993390-A
US-2675609-A,US-1220507-A
US-2675609-A,US-1313061-A
US-2675609-A,US-1386318-A
US-2675609-A,US-1670253-A
US-2675609-A,US-1875761-A
US-2675609-A,US-1969310-A
US-2676405-A,GB-327082-A
US-2676405-A,US-1863153-A
US-2676405-A,US-2437896-A
US-2678451-A,US-375353-A
US-2678451-A,US-1429304-A
US-2678451-A,US-1439268-A
US-2678451-A,US-1655894-A
US-2678451-A,US-1799770-A
US-2678451-A,US-2328701-A
US-2678489-A,US-1750060-A
US-2678489-A,US-1997742-A
US-2678489-A,US-2045756-A
US-2678489-A,US-2322748-A
US-2678489-A,US-2421716-A
US-2678489-A,US-2495964-A
US-2681285-A,US-1259631-A
US-2681285-A,GB-468018-A
US-2681285-A,US-2119612-A
US-2681285-A,US-2176347-A
US-2681285-A,US-2420322-A
US-2681285-A,US-2569075-A
US-2681285-A,US-2578808-A
US-2681285-A,US-2620069-A
US-2681285-A,US-2628905-A
US-2681506-A,US-257289-A
US-2681506-A,US-1038448-A
US-2681506-A,US-1068731-A
US-2681506-A,US-1550342-A
US-2681506-A,US-1591031-A
US-2681506-A,US-1813498-A
US-2681506-A,US-2028784-A
US-2684920-A,US-2191362-A
US-2684920-A,US-2197357-A
US-2684920-A,US-2423429-A
US-2684920-A,US-2431562-A
US-2687249-A,US-1411126-A
US-2687249-A,US-1827039-A
US-2687249-A,US-2156047-A
US-2687335-A,US-1612038-A
US-2687335-A,US-1844236-A
US-2687335-A,US-2081040-A
US-2687335-A,US-2211454-A
US-2687335-A,US-2211455-A
US-2687335-A,US-2216291-A
US-2687335-A,US-2306838-A
US-2687335-A,US-2443110-A
US-2687335-A,US-2576025-A
US-2688865-A,US-971358-A
US-2688865-A,US-2111687-A
US-2688865-A,US-2417232-A
US-2688865-A,US-2417256-A
US-2688865-A,US-2510201-A
US-2688865-A,US-2548242-A
US-2693223-A,US-1696435-A
US-2693223-A,US-2246977-A
US-2693223-A,US-2524662-A
US-2693950-A,US-2579282-A
US-2694956-A,GB-508802-A
US-2694956-A,US-2166824-A
US-2694956-A,US-2319212-A
US-2694956-A,US-2330877-A
US-2694956-A,US-2382439-A
US-2694956-A,FR-925985-A
US-2694956-A,US-2439373-A
US-2694956-A,US-2455116-A
US-2694956-A,US-2462823-A
US-2694956-A,US-2579347-A
US-2695242-A,US-1307197-A
US-2695242-A,AT-106485-B
US-2695242-A,US-2206131-A
US-2695242-A,US-2219726-A
US-2695242-A,US-2219725-A
US-2695242-A,US-2234367-A
US-2695242-A,US-2348847-A
US-2695242-A,US-2478593-A
US-2695632-A,US-1059053-A
US-2695632-A,US-1600137-A
US-2695632-A,GB-319889-A
US-2695632-A,US-2155602-A
US-2695632-A,US-2241526-A
US-2695632-A,US-2246885-A
US-2695632-A,US-2342616-A
US-2695632-A,US-2579972-A
US-2697627-A,US-191793-A
US-2697627-A,US-512162-A
US-2697627-A,US-844966-A
US-2697627-A,US-865620-A
US-2697627-A,US-1267778-A
US-2697627-A,US-1390870-A
US-2697627-A,AU-2943430-A
US-2697627-A,GB-455162-A
US-2697627-A,US-2345183-A
US-2698438-A,US-736788-A
US-2698438-A,US-1257856-A
US-2698438-A,US-1830791-A
US-2698645-A,US-2483707-A
US-2700296-A,US-863493-A
US-2700296-A,US-938678-A
US-2700296-A,US-1444422-A
US-2700296-A,US-2019653-A
US-2700296-A,GB-541853-A
US-2700965-A,US-2203952-A
US-2700965-A,US-2325932-A
US-2702126-A,US-1302812-A
US-2702126-A,GB-645586-A
US-2702813-A,US-1964875-A
US-2702813-A,US-1973790-A
US-2702813-A,US-2507184-A
US-2702813-A,US-2510379-A
US-2703692-A,DE-234585-C
US-2703692-A,US-768929-A
US-2703692-A,US-985079-A
US-2703692-A,US-1041264-A
US-2703692-A,FR-834517-A
US-2703692-A,US-2477735-A
US-2704576-A,US-854706-A
US-2704576-A,US-1058958-A
US-2704576-A,US-1298013-A
US-2704576-A,US-1421354-A
US-2704576-A,US-1652715-A
US-2704576-A,US-1978303-A
US-2704576-A,US-2320659-A
US-2705223-A,US-2450940-A
US-2705223-A,US-2589245-A
US-2705223-A,US-2626223-A
US-2705336-A,US-271471-A
US-2705336-A,US-303517-A
US-2705336-A,US-391900-A
US-2705336-A,US-622621-A
US-2705336-A,US-907850-A
US-2705336-A,US-1170923-A
US-2705336-A,US-1295627-A
US-2705336-A,FR-522210-A
US-2705336-A,US-1421098-A
US-2705336-A,FR-29835-E
US-2705336-A,US-RE21394-E
US-2705336-A,US-2215829-A
US-2705336-A,GB-586302-A
US-2705336-A,US-2551834-A
US-2705336-A,US-2564812-A
US-2705342-A,US-1935050-A
US-2705342-A,GB-422232-A
US-2705342-A,US-2269388-A
US-2705342-A,US-2318031-A
US-2705342-A,US-2327078-A
US-2705342-A,US-2359013-A
US-2705342-A,US-2359839-A
US-2705342-A,US-2359840-A
US-2705342-A,US-2442368-A
US-2705342-A,US-2480313-A
US-2705342-A,US-2501595-A
US-2705342-A,US-2505540-A
US-2705342-A,US-2519255-A
US-2706664-A,US-1609906-A
US-2706664-A,US-2472572-A
US-2706919-A,US-206688-A
US-2706919-A,US-231094-A
US-2706919-A,US-321478-A
US-2706919-A,US-603394-A
US-2706919-A,US-1880742-A
US-2706919-A,US-2269168-A
US-2707572-A,US-1358255-A
US-2707572-A,US-1613330-A
US-2707572-A,US-1639576-A
US-2707572-A,US-1842912-A
US-2707572-A,US-1904720-A
US-2707572-A,US-1965745-A
US-2707572-A,US-2119725-A
US-2707572-A,US-2229502-A
US-2707572-A,US-2236761-A
US-2707572-A,US-2253283-A
US-2707572-A,US-2283614-A
US-2707572-A,US-2313478-A
US-2707572-A,US-2328388-A
US-2707572-A,US-2332058-A
US-2707572-A,US-2371128-A
US-2707572-A,US-2376457-A
US-2707572-A,US-2431320-A
US-2707572-A,US-2442827-A
US-2707572-A,US-2561529-A
US-2707795-A,US-201323-A
US-2707795-A,US-311260-A
US-2707795-A,US-553214-A
US-2707795-A,GB-536445-A
US-2707795-A,US-2282506-A
US-2707795-A,US-2582716-A
US-2708503-A,US-532623-A
US-2708503-A,US-586778-A
US-2708503-A,US-710574-A
US-2708503-A,US-972465-A
US-2708503-A,US-1177049-A
US-2708503-A,US-1259828-A
US-2708503-A,DE-533766-C
US-2708503-A,US-1899260-A
US-2708503-A,US-1922883-A
US-2708503-A,US-1996700-A
US-2708503-A,US-2124219-A
US-2708503-A,US-2162443-A
US-2708503-A,US-2308508-A
US-2708503-A,US-2367775-A
US-2708948-A,US-1917092-A
US-2708948-A,US-1993527-A
US-2708948-A,FR-47236-E
US-2708948-A,US-2332627-A
US-2708948-A,US-2478391-A
US-2708948-A,US-2500407-A
US-2708948-A,US-2575086-A
US-2710003-A,
US-2710889-A,US-2165168-A
US-2710889-A,US-2272638-A
US-2710889-A,US-2278940-A
US-2710889-A,US-2316581-A
US-2710889-A,US-2413706-A
US-2710889-A,US-2434561-A
US-2710889-A,US-2573143-A
US-2710889-A,US-2607845-A
US-2710889-A,US-2627547-A
US-2714136-A,US-2619552-A
US-2716134-A,GB-518592-A
US-2716134-A,GB-536017-A
US-2716134-A,US-2261002-A
US-2716134-A,US-2279294-A
US-2716134-A,US-2464199-A
US-2716326-A,US-1384449-A
US-2716326-A,US-1463479-A
US-2716326-A,US-1579257-A
US-2716326-A,US-1608912-A
US-2716326-A,US-1771923-A
US-2716326-A,US-1810754-A
US-2716326-A,US-2148474-A
US-2716326-A,US-2413172-A
US-2716326-A,GB-628418-A
US-2716326-A,US-2541299-A
US-2716326-A,US-2564280-A
US-2716326-A,US-2582696-A
US-2717022-A,US-2474511-A
US-2717022-A,US-2498953-A
US-2717022-A,US-2556264-A
US-2717022-A,US-2703131-A
US-2717416-A,US-487628-A
US-2717416-A,US-1045465-A
US-2717416-A,US-1280073-A
US-2717416-A,US-1922259-A
US-2717416-A,US-1967577-A
US-2717416-A,US-1977406-A
US-2717416-A,US-2151090-A
US-2717416-A,US-2460085-A
US-2717416-A,US-2466182-A
US-2717416-A,US-2515738-A
US-2717416-A,US-2569699-A
US-2717416-A,US-2578101-A
US-2717416-A,US-2614619-A
US-2718130-A,US-582547-A
US-2718130-A,US-611862-A
US-2718130-A,US-660577-A
US-2718130-A,US-1005620-A
US-2718130-A,US-1534972-A
US-2718130-A,US-2380822-A
US-2718130-A,US-2521786-A
US-2719375-A,US-1083708-A
US-2719375-A,US-1157571-A
US-2719375-A,US-2418946-A
US-2719936-A,US-2300052-A
US-2719936-A,US-2406370-A
US-2719936-A,US-2516944-A
US-2719936-A,US-2541843-A
US-2719936-A,US-2575383-A
US-2719936-A,US-2578434-A
US-2719936-A,US-2585582-A
US-2719936-A,US-2602148-A
US-2719936-A,US-2652513-A
US-2722439-A,US-2120922-A
US-2722439-A,GB-558576-A
US-2722439-A,US-2347118-A
US-2722439-A,US-2399764-A
US-2722439-A,US-2447930-A
US-2722439-A,US-2521102-A
US-2722439-A,US-2522231-A
US-2722439-A,US-2610872-A
US-2723367-A,DE-207769-C
US-2723367-A,US-306697-A
US-2723367-A,US-455955-A
US-2723367-A,US-860157-A
US-2723367-A,US-1651872-A
US-2723367-A,US-2006179-A
US-2723367-A,US-2079723-A
US-2723367-A,US-2224749-A
US-2724536-A,US-2052307-A
US-2724536-A,US-2175735-A
US-2724536-A,US-2392479-A
US-2724536-A,GB-598612-A
US-2724536-A,US-2609985-A
US-2724992-A,US-2084714-A
US-2724992-A,US-2158178-A
US-2724992-A,US-2308007-A
US-2725869-A,US-302283-A
US-2725869-A,US-372161-A
US-2725869-A,US-381109-A
US-2725869-A,US-1660581-A
US-2725869-A,US-1693414-A
US-2725869-A,US-1780541-A
US-2725869-A,US-1856285-A
US-2725869-A,US-1859816-A
US-2725869-A,US-2505428-A
US-2725869-A,US-2542777-A
US-2725869-A,CA-473731-A
US-2725869-A,US-2601555-A
US-2725869-A,US-2630108-A
US-2726513-A,US-1667565-A
US-2726513-A,US-2107089-A
US-2726513-A,US-2380596-A
US-2726513-A,US-2415894-A
US-2726513-A,US-2453791-A
US-2726513-A,US-2473809-A
US-2726513-A,US-2538246-A
US-2726513-A,US-2634583-A
US-2727514-A,US-1222814-A
US-2727514-A,US-2158593-A
US-2727514-A,US-2423762-A
US-2727514-A,US-2615446-A
US-2727841-A,US-2288007-A
US-2727841-A,US-2296884-A
US-2727841-A,CH-229616-A
US-2727841-A,US-2376158-A
US-2727841-A,US-2428749-A
US-2727841-A,US-2471909-A
US-2727841-A,US-2483510-A
US-2727841-A,US-2494909-A
US-2727841-A,US-2524577-A
US-2727841-A,US-2593447-A
US-2727841-A,US-2593448-A
US-2727841-A,US-2613165-A
US-2728593-A,US-1739270-A
US-2728593-A,US-2104217-A
US-2728593-A,US-2152468-A
US-2728593-A,US-2207831-A
US-2728593-A,US-2294452-A
US-2729251-A,US-2588903-A
US-2729251-A,US-2669266-A
US-2729827-A,US-948876-A
US-2729827-A,US-1960864-A
US-2729827-A,US-2175973-A
US-2729827-A,US-2237294-A
US-2729827-A,US-2440389-A
US-2729827-A,GB-634759-A
US-2729827-A,US-2505091-A
US-2729827-A,US-2528441-A
US-2730778-A,US-2486660-A
US-2730778-A,US-2542919-A
US-2733113-A,US-361248-A
US-2733113-A,US-507233-A
US-2733113-A,GB-189323360-A
US-2733113-A,US-887152-A
US-2733113-A,US-1235521-A
US-2733113-A,US-2211660-A
US-2733354-A,US-1467876-A
US-2733354-A,US-1687068-A
US-2733354-A,US-1824794-A
US-2733354-A,US-1974936-A
US-2733354-A,US-2075491-A
US-2733354-A,US-2433480-A
US-2734949-A,US-2424146-A
US-2734949-A,US-2446153-A
US-2734949-A,US-2456426-A
US-2734949-A,GB-620140-A
US-2735275-A,US-402968-A
US-2735275-A,US-1020759-A
US-2735275-A,US-2063771-A
US-2735275-A,US-2066431-A
US-2735275-A,US-2080639-A
US-2735275-A,US-2259841-A
US-2735275-A,US-2262590-A
US-2735275-A,US-2288590-A
US-2735275-A,US-2308541-A
US-2735275-A,US-2310468-A
US-2735275-A,US-2381617-A
US-2735275-A,US-2464631-A
US-2735275-A,US-2474892-A
US-2735275-A,US-2552352-A
US-2735275-A,US-2575374-A
US-2735275-A,US-2585021-A
US-2735275-A,US-2585020-A
US-2735275-A,US-2597515-A
US-2735275-A,US-2659212-A
US-2736226-A,DE-201487-C
US-2736226-A,DE-159491-C
US-2736226-A,US-134679-A
US-2736226-A,US-445849-A
US-2736226-A,US-623728-A
US-2736226-A,US-1106249-A
US-2736226-A,US-1497939-A
US-2736226-A,US-1556950-A
US-2736226-A,US-1568460-A
US-2736226-A,US-1571674-A
US-2736226-A,FR-631929-A
US-2736226-A,US-1722248-A
US-2736226-A,US-1864690-A
US-2736226-A,US-2040633-A
US-2736226-A,US-2162835-A
US-2736226-A,US-2241750-A
US-2736226-A,US-2479757-A
US-2736226-A,US-2483617-A
US-2736226-A,US-2499194-A
US-2736226-A,US-2568524-A
US-2736226-A,US-2604806-A
US-2736753-A,BE-496061-A
US-2736753-A,US-1696658-A
US-2736753-A,US-2422163-A
US-2736753-A,FR-968209-A
US-2737107-A,US-851731-A
US-2737107-A,US-865999-A
US-2737107-A,US-1086248-A
US-2737107-A,US-1531256-A
US-2737107-A,US-2176624-A
US-2737107-A,US-2207316-A
US-2737107-A,US-2552441-A
US-2737107-A,US-2611705-A
US-2738601-A,US-490420-A
US-2738601-A,US-836007-A
US-2738601-A,US-1361638-A
US-2738601-A,DE-373319-C
US-2738601-A,US-2437176-A
US-2738601-A,US-2465660-A
US-2738601-A,US-2582538-A
US-2738601-A,US-2587721-A
US-2738601-A,US-2626468-A
US-2741132-A,US-1118411-A
US-2741132-A,US-1943118-A
US-2741132-A,US-2095744-A
US-2741132-A,US-2611992-A
US-2742110-A,US-1936569-A
US-2742110-A,FR-773093-A
US-2742110-A,US-2239977-A
US-2742110-A,US-2654445-A
US-2742326-A,US-1569448-A
US-2742326-A,US-2302021-A
US-2742326-A,US-2499092-A
US-2742326-A,US-2605144-A
US-2742615-A,US-1976481-A
US-2742615-A,FR-829429-A
US-2742615-A,FR-51477-E
US-2742615-A,US-2330499-A
US-2742615-A,US-2461956-A
US-2742867-A,US-1620559-A
US-2742867-A,US-1642519-A
US-2742867-A,US-1970336-A
US-2742867-A,US-2066899-A
US-2742867-A,US-2142373-A
US-2742867-A,US-2579514-A
US-2742867-A,US-2633242-A
US-2743381-A,US-2579627-A
US-2743381-A,US-2580977-A
US-2743381-A,US-2586521-A
US-2743381-A,US-2606306-A
US-2743381-A,US-2612622-A
US-2743381-A,US-2637832-A
US-2744111-A,US-2546762-A
US-2745000-A,US-991872-A
US-2745000-A,US-1735295-A
US-2745000-A,US-2172223-A
US-2745000-A,US-2304547-A
US-2745000-A,US-2460173-A
US-2745000-A,US-2694776-A
US-2746197-A,US-657518-A
US-2746197-A,US-1709436-A
US-2746197-A,US-1747033-A
US-2746197-A,US-2657493-A
US-2747364-A,US-182672-A
US-2747364-A,US-1164787-A
US-2747364-A,US-1215819-A
US-2747364-A,US-2677932-A
US-2747743-A,US-511798-A
US-2747743-A,US-1062793-A
US-2747743-A,US-1601437-A
US-2747743-A,US-1869589-A
US-2747743-A,US-2145535-A
US-2747743-A,US-2183616-A
US-2747743-A,US-2287344-A
US-2747743-A,US-2404621-A
US-2747743-A,US-2422647-A
US-2747743-A,US-2577217-A
US-2747743-A,US-2597217-A
US-2747841-A,US-274740-A
US-2747841-A,US-2005819-A
US-2747841-A,US-2100311-A
US-2747841-A,US-2134886-A
US-2747841-A,US-2457628-A
US-2747841-A,US-2596832-A
US-2748184-A,US-1726097-A
US-2748184-A,US-1972590-A
US-2748184-A,US-1994267-A
US-2748184-A,US-2082055-A
US-2748184-A,US-2228089-A
US-2748184-A,US-2280032-A
US-2748184-A,US-2373843-A
US-2748184-A,US-2401996-A
US-2748184-A,US-2474930-A
US-2748572-A,US-686874-A
US-2748572-A,US-833325-A
US-2748572-A,US-1273577-A
US-2748572-A,US-1302596-A
US-2748572-A,US-2441885-A
US-2748572-A,US-2513373-A
US-2748572-A,US-2585748-A
US-2748640-A,US-443312-A
US-2748640-A,GB-190008700-A
US-2748640-A,GB-190609928-A
US-2748640-A,CH-79314-A
US-2748640-A,US-1505896-A
US-2748640-A,US-1620739-A
US-2748640-A,US-2051427-A
US-2748640-A,US-2506373-A
US-2748640-A,US-2623418-A
US-2749361-A,US-2117901-A
US-2749361-A,US-2130989-A
US-2749361-A,US-2167325-A
US-2749361-A,US-2208941-A
US-2749361-A,US-2315817-A
US-2749361-A,GB-619515-A
US-2749361-A,US-2471621-A
US-2749361-A,US-2557772-A
US-2749425-A,
US-2750323-A,US-2495175-A
US-2750323-A,US-2562641-A
US-2750377-A,US-1841637-A
US-2750377-A,US-2128255-A
US-2750377-A,US-2195786-A
US-2750377-A,US-2505533-A
US-2750377-A,US-2554141-A
US-2750410-A,US-2376964-A
US-2750410-A,US-2552425-A
US-2751909-A,US-765793-A
US-2751909-A,US-1230445-A
US-2751909-A,DE-527255-C
US-2751909-A,GB-358383-A
US-2751909-A,DE-558998-C
US-2751909-A,GB-425316-A
US-2751909-A,US-2371978-A
US-2751909-A,US-2409261-A
US-2752776-A,DE-7508-C
US-2752776-A,US-2002101-A
US-2752776-A,US-2082299-A
US-2752776-A,US-2655893-A
US-2754121-A,US-766613-A
US-2754121-A,US-1012245-A
US-2754121-A,US-1261567-A
US-2754121-A,US-1374840-A
US-2754121-A,US-1378669-A
US-2754121-A,US-1526888-A
US-2754121-A,US-1641487-A
US-2754121-A,US-1753032-A
US-2754121-A,US-2099418-A
US-2754121-A,GB-583408-A
US-2754121-A,US-2624155-A
US-2754121-A,US-2681449-A
US-2754638-A,US-621181-A
US-2754638-A,US-1381245-A
US-2754638-A,US-2285377-A
US-2754638-A,US-2381449-A
US-2754638-A,DE-804761-C
US-2755020-A,GB-502560-A
US-2755020-A,US-2243730-A
US-2755020-A,US-2258859-A
US-2755020-A,US-2376234-A
US-2755020-A,FR-924800-A
US-2755020-A,US-2442098-A
US-2755020-A,US-2503868-A
US-2755020-A,US-2566947-A
US-2755020-A,US-2591448-A
US-2755174-A,US-1030653-A
US-2755174-A,US-1977684-A
US-2755174-A,US-2290580-A
US-2755174-A,US-2398954-A
US-2755174-A,US-2432520-A
US-2755174-A,US-2434843-A
US-2755174-A,US-2441170-A
US-2755174-A,US-2444258-A
US-2755174-A,US-2486627-A
US-2756478-A,US-134756-A
US-2756478-A,US-391317-A
US-2756478-A,US-1351669-A
US-2756478-A,US-2001844-A
US-2756478-A,US-2139424-A
US-2756478-A,US-2603902-A
US-2756478-A,US-2640247-A
US-2757229-A,US-2251929-A
US-2757229-A,US-2548829-A
US-2757229-A,US-2586760-A
US-2760022-A,US-1780434-A
US-2760022-A,US-1883127-A
US-2760022-A,US-2245194-A
US-2760022-A,US-2498943-A
US-2760022-A,US-2570751-A
US-2760022-A,US-2647246-A
US-2761173-A,US-656320-A
US-2761173-A,US-979014-A
US-2761173-A,US-1443571-A
US-2761173-A,US-2203427-A
US-2761173-A,US-2262990-A
US-2761173-A,US-2279600-A
US-2761359-A,US-1206707-A
US-2761359-A,US-1754824-A
US-2761359-A,US-1838936-A
US-2761359-A,US-1906786-A
US-2761359-A,US-2004349-A
US-2761359-A,US-2049850-A
US-2761359-A,US-2075605-A
US-2761359-A,US-2092479-A
US-2761359-A,US-2092382-A
US-2761359-A,US-2097130-A
US-2761359-A,US-2247787-A
US-2761359-A,US-2261970-A
US-2761359-A,US-2299504-A
US-2761359-A,US-2434772-A
US-2761359-A,US-2596625-A
US-2763403-A,US-555395-A
US-2763403-A,US-1754776-A
US-2763403-A,US-2135237-A
US-2763403-A,US-2208899-A
US-2763403-A,US-2303733-A
US-2763403-A,GB-558998-A
US-2763403-A,GB-653023-A
US-2763572-A,US-2322888-A
US-2763572-A,US-2517698-A
US-2765462-A,US-1135604-A
US-2765462-A,GB-317826-A
US-2765462-A,US-2153179-A
US-2765462-A,US-2391411-A
US-2765462-A,US-2433838-A
US-2765462-A,US-2462859-A
US-2765462-A,US-2468109-A
US-2765462-A,US-2509208-A
US-2765462-A,US-2542032-A
US-2765462-A,US-2546370-A
US-2765462-A,US-2552527-A
US-2765462-A,US-2557869-A
US-2765462-A,US-2562309-A
US-2768019-A,US-2526725-A
US-2768019-A,US-2634156-A
US-2768132-A,US-2548369-A
US-2768132-A,US-2581354-A
US-2770534-A,DE-147131-C
US-2770534-A,US-2067435-A
US-2770534-A,US-2289714-A
US-2770534-A,US-2596754-A
US-2770534-A,US-2634677-A
US-2770534-A,US-2680062-A
US-2770534-A,US-2687949-A
US-2771952-A,US-1075932-A
US-2771952-A,US-1117601-A
US-2771952-A,US-1610182-A
US-2771952-A,US-2110236-A
US-2771952-A,US-2288557-A
US-2771952-A,US-2388866-A
US-2771952-A,US-2674323-A
US-2772416-A,DE-114582-C
US-2772416-A,US-1511401-A
US-2772416-A,US-1650278-A
US-2772416-A,US-2167934-A
US-2772416-A,US-2304437-A
US-2772416-A,US-2341014-A
US-2776412-A,US-2197123-A
US-2776412-A,US-2644930-A
US-2776412-A,US-2645758-A
US-2776412-A,US-2649574-A
US-2776412-A,US-2671884-A
US-2776412-A,US-2745069-A
US-2777818-A,US-2012641-A
US-2777818-A,US-2240957-A
US-2777818-A,US-2281392-A
US-2777818-A,US-2429594-A
US-2777818-A,US-2470132-A
US-2777818-A,US-2592511-A
US-2778122-A,US-51248-A
US-2778122-A,US-1574846-A
US-2778122-A,FR-874336-A
US-2778122-A,FR-904282-A
US-2778122-A,DE-913589-C
US-2778676-A,US-1011940-A
US-2778676-A,GB-191320448-A
US-2778676-A,US-1260577-A
US-2778676-A,US-1309352-A
US-2778676-A,US-2121264-A
US-2778676-A,US-2511401-A
US-2778676-A,US-2686077-A
US-2778676-A,US-2707128-A
US-2778676-A,US-2720415-A
US-2778819-A,US-2025791-A
US-2778819-A,US-2182763-A
US-2778819-A,US-2683643-A
US-2779292-A,US-1915640-A
US-2779292-A,US-2031521-A
US-2779292-A,US-2205054-A
US-2779292-A,US-2236130-A
US-2779292-A,US-2336231-A
US-2779292-A,US-2357295-A
US-2779292-A,US-2429503-A
US-2779292-A,US-2439630-A
US-2780458-A,GB-462623-A
US-2780458-A,US-1739029-A
US-2780458-A,US-1840753-A
US-2780458-A,US-1882260-A
US-2780458-A,US-1973166-A
US-2780458-A,US-1986940-A
US-2780458-A,US-2016645-A
US-2780458-A,US-2093860-A
US-2780458-A,US-2304640-A
US-2780458-A,US-2560976-A
US-2780458-A,US-2591232-A
US-2780458-A,US-2628549-A
US-2781844-A,US-1881185-A
US-2781844-A,US-2269328-A
US-2781844-A,GB-641586-A
US-2781844-A,US-2523393-A
US-2781844-A,US-2547656-A
US-2781844-A,US-2582889-A
US-2781844-A,US-2652893-A
US-2781844-A,US-2699649-A
US-2784886-A,US-1941185-A
US-2784886-A,US-2053564-A
US-2784886-A,US-2401789-A
US-2784886-A,US-2414186-A
US-2784886-A,US-2581696-A
US-2785829-A,US-1515661-A
US-2785829-A,US-1647321-A
US-2785829-A,US-1683726-A
US-2785829-A,US-1992793-A
US-2789493-A,US-327414-A
US-2789493-A,US-1334806-A
US-2789493-A,US-2489415-A
US-2789493-A,US-2553866-A
US-2790357-A,GB-100016-A
US-2790357-A,US-1288372-A
US-2790357-A,US-1411627-A
US-2790357-A,US-1754943-A
US-2790357-A,US-1922080-A
US-2790357-A,US-2030507-A
US-2790357-A,US-2395488-A
US-2790357-A,US-2442371-A
US-2790357-A,US-2575805-A
US-2791560-A,US-2542570-A
US-2791560-A,US-2628974-A
US-2791560-A,US-2639266-A
US-2791560-A,US-2663690-A
US-2791560-A,US-2663691-A
US-2791560-A,US-2679480-A
US-2791963-A,DE-487039-C
US-2791963-A,US-1858969-A
US-2792684-A,US-2264673-A
US-2792684-A,US-2709333-A
US-2793242-A,US-1786202-A
US-2793242-A,US-1830481-A
US-2793242-A,US-1839802-A
US-2793242-A,US-2673228-A
US-2794139-A,US-767846-A
US-2794139-A,US-984561-A
US-2794139-A,US-1960470-A
US-2794139-A,US-2239812-A
US-2794139-A,US-2454230-A
US-2794305-A,NL-74412-C
US-2794305-A,US-202545-A
US-2794305-A,US-208902-A
US-2794305-A,US-209585-A
US-2794305-A,US-734806-A
US-2794305-A,US-1130978-A
US-2794305-A,US-2119773-A
US-2794305-A,US-2256107-A
US-2794305-A,US-2554713-A
US-2794305-A,US-2578134-A
US-2795610-A,US-2230082-A
US-2795610-A,US-2651620-A
US-2795610-A,US-2663730-A
US-2795834-A,US-1906874-A
US-2795834-A,US-2555053-A
US-2796238-A,US-609414-A
US-2796238-A,US-1592840-A
US-2796238-A,US-1725730-A
US-2796238-A,US-2501147-A
US-2796238-A,US-2656156-A
US-2796464-A,US-1786805-A
US-2796464-A,US-2552968-A
US-2796464-A,US-2557086-A
US-2796464-A,US-2656106-A
US-2796464-A,US-2656460-A
US-2796464-A,US-2679638-A
US-2796464-A,US-2685082-A
US-2797023-A,US-2178618-A
US-2797023-A,US-2408615-A
US-2797501-A,US-1260942-A
US-2797501-A,US-1596923-A
US-2797501-A,US-2474815-A
US-2797501-A,US-2560120-A
US-2797573-A,US-1156753-A
US-2797573-A,US-1980900-A
US-2797573-A,US-2133108-A
US-2797573-A,GB-541733-A
US-2797573-A,US-2283582-A
US-2797573-A,US-2295248-A
US-2797573-A,US-2305247-A
US-2797573-A,US-2361733-A
US-2797573-A,US-2472756-A
US-2798618-A,US-389628-A
US-2798618-A,US-580655-A
US-2798618-A,US-906963-A
US-2798618-A,US-963129-A
US-2798618-A,US-994753-A
US-2798618-A,US-1286161-A
US-2798618-A,US-1322901-A
US-2798618-A,US-1464904-A
US-2798618-A,GB-286326-A
US-2798618-A,US-2301284-A
US-2798618-A,FR-909039-A
US-2798618-A,US-2549573-A
US-2802517-A,US-1051466-A
US-2802517-A,US-1953276-A
US-2802517-A,US-2060449-A
US-2802517-A,US-2101054-A
US-2802517-A,US-2192463-A
US-2802517-A,US-2265426-A
US-2802517-A,US-2609865-A
US-2804171-A,US-418836-A
US-2804171-A,US-769808-A
US-2804171-A,US-1761627-A
US-2804171-A,US-2451755-A
US-2804171-A,FR-947478-A
US-2804171-A,US-2582423-A
US-2804171-A,US-2681124-A
US-2804276-A,US-1406521-A
US-2804276-A,US-2125198-A
US-2804276-A,US-2358417-A
US-2804276-A,US-2434077-A
US-2804276-A,US-2648508-A
US-2805509-A,US-16992-A
US-2805509-A,US-1478643-A
US-2805509-A,US-2147063-A
US-2805509-A,US-2422353-A
US-2805509-A,US-2483760-A
US-2805847-A,US-1195344-A
US-2805847-A,US-1684882-A
US-2805847-A,US-2321615-A
US-2805847-A,US-2659583-A
US-2807460-A,US-397498-A
US-2807460-A,US-426181-A
US-2807460-A,US-975507-A
US-2807460-A,US-1538103-A
US-2807460-A,US-1572218-A
US-2807460-A,US-1828082-A
US-2807460-A,US-1841252-A
US-2807460-A,US-1946577-A
US-2807460-A,US-1992972-A
US-2807460-A,US-2029526-A
US-2807460-A,US-2127376-A
US-2807460-A,US-2255769-A
US-2807460-A,US-2501897-A
US-2807460-A,GB-660720-A
US-2807460-A,US-2633353-A
US-2808038-A,US-1895534-A
US-2808038-A,US-2213683-A
US-2808038-A,US-2435902-A
US-2808038-A,US-2622572-A
US-2809863-A,US-1816542-A
US-2809863-A,US-2215988-A
US-2809863-A,US-2431924-A
US-2809863-A,FR-958491-A
US-2811174-A,US-1692177-A
US-2811174-A,US-1986600-A
US-2811174-A,US-2028177-A
US-2811174-A,US-2230600-A
US-2812175-A,US-2043011-A
US-2812175-A,US-2063758-A
US-2812175-A,US-2270673-A
US-2812175-A,US-2467721-A
US-2812175-A,FR-968283-A
US-2812175-A,US-2541566-A
US-2813349-A,US-624577-A
US-2813349-A,US-833598-A
US-2813349-A,US-1129785-A
US-2813349-A,US-1210513-A
US-2813349-A,US-1218327-A
US-2813349-A,US-1718708-A
US-2813349-A,US-2289872-A
US-2813349-A,US-2300495-A
US-2813349-A,US-2305678-A
US-2813349-A,GB-559325-A
US-2813349-A,US-2347218-A
US-2813349-A,US-2487245-A
US-2813349-A,US-2541215-A
US-2813349-A,CH-280539-A
US-2813349-A,US-2607129-A
US-2813983-A,US-1197461-A
US-2813983-A,US-2412822-A
US-2814880-A,US-462126-A
US-2814880-A,US-709219-A
US-2814880-A,US-757246-A
US-2814880-A,US-757568-A
US-2814880-A,US-1301092-A
US-2814880-A,US-2476338-A
US-2814988-A,US-606709-A
US-2814988-A,US-773368-A
US-2814988-A,US-991273-A
US-2814988-A,US-1894059-A
US-2814988-A,GB-407830-A
US-2814988-A,US-2106368-A
US-2814988-A,US-2129071-A
US-2814988-A,US-2179453-A
US-2814988-A,US-2311047-A
US-2814988-A,FR-904255-A
US-2814988-A,US-2507314-A
US-2814988-A,US-2687373-A
US-2815155-A,US-900644-A
US-2815155-A,US-1362186-A
US-2815155-A,US-1779615-A
US-2815155-A,US-2442047-A
US-2816484-A,DE-96102-C
US-2816484-A,US-357170-A
US-2816484-A,CH-3565-A
US-2816484-A,US-709882-A
US-2816484-A,US-877657-A
US-2816484-A,US-908294-A
US-2816484-A,US-1020596-A
US-2816484-A,DE-343572-C
US-2816484-A,US-1637235-A
US-2816484-A,DE-453658-C
US-2816484-A,US-1786207-A
US-2816484-A,US-1993887-A
US-2816484-A,US-2049776-A
US-2816484-A,US-2251304-A
US-2816484-A,CH-221036-A
US-2816484-A,US-2353601-A
US-2816484-A,US-2401616-A
US-2816484-A,GB-581820-A
US-2816484-A,US-2423109-A
US-2816484-A,FR-923516-A
US-2816484-A,US-2425684-A
US-2816484-A,US-2426563-A
US-2816484-A,US-2457835-A
US-2816484-A,US-2464409-A
US-2816484-A,US-2467372-A
US-2816484-A,US-2492815-A
US-2816484-A,US-2537443-A
US-2816508-A,NL-47795-C
US-2816508-A,US-1265070-A
US-2816508-A,US-1455252-A
US-2816508-A,US-1700038-A
US-2816508-A,GB-342561-A
US-2816508-A,US-2588342-A
US-2816508-A,US-2589449-A
US-2816911-A,US-2017537-A
US-2816911-A,US-2438091-A
US-2816911-A,US-2468012-A
US-2816911-A,US-2720536-A
US-2818020-A,US-2086527-A
US-2818628-A,DE-198275-C
US-2818628-A,US-1740757-A
US-2818628-A,DE-569118-C
US-2818628-A,US-2169891-A
US-2818628-A,US-2177461-A
US-2818628-A,US-2360337-A
US-2818628-A,US-2627641-A
US-2819912-A,US-1093576-A
US-2819912-A,US-2131271-A
US-2819912-A,US-2370182-A
US-2821172-A,US-524541-A
US-2821172-A,US-1683175-A
US-2821172-A,US-2039186-A
US-2821172-A,US-2314444-A
US-2821172-A,US-2467026-A
US-2821197-A,US-199253-A
US-2821197-A,US-854507-A
US-2821197-A,US-1099214-A
US-2821197-A,US-1351132-A
US-2821197-A,US-2184823-A
US-2821197-A,US-2436646-A
US-2821197-A,US-2647517-A
US-2822106-A,US-706763-A
US-2822106-A,US-757558-A
US-2822106-A,US-1937847-A
US-2822106-A,US-2017264-A
US-2822106-A,US-2443341-A
US-2822106-A,US-2449658-A
US-2822106-A,US-2593998-A
US-2823760-A,US-1099773-A
US-2823760-A,US-1544950-A
US-2823760-A,US-1702804-A
US-2823760-A,US-1864201-A
US-2823760-A,CH-168129-A
US-2823760-A,US-2117718-A
US-2823760-A,US-2170074-A
US-2823760-A,US-2661076-A
US-2823760-A,US-2687782-A
US-2824946-A,US-2387156-A
US-2824946-A,US-2533794-A
US-2824946-A,US-2713628-A
US-2824946-A,US-2777935-A
US-2825837-A,US-2223040-A
US-2825837-A,US-2355795-A
US-2825837-A,US-2484721-A
US-2825837-A,US-2509763-A
US-2825837-A,US-2644906-A
US-2827713-A,US-509241-A
US-2827713-A,US-1531153-A
US-2827713-A,US-1566791-A
US-2827713-A,US-1990210-A
US-2827713-A,US-2048294-A
US-2827713-A,US-2158153-A
US-2827713-A,US-2188168-A
US-2828302-A,
US-2829607-A,US-1488447-A
US-2829607-A,US-1510534-A
US-2829607-A,US-1567538-A
US-2829607-A,US-1927436-A
US-2829734-A,US-1216015-A
US-2829734-A,US-1755969-A
US-2829734-A,US-2003720-A
US-2829734-A,US-2317569-A
US-2829734-A,US-2467503-A
US-2829734-A,US-2528192-A
US-2829734-A,US-2605493-A
US-2829734-A,US-2693211-A
US-2829734-A,FR-1124964-A
US-2829976-A,US-2694010-A
US-2830074-A,US-2323584-A
US-2830824-A,US-429657-A
US-2830824-A,US-1649721-A
US-2830824-A,US-1761453-A
US-2830824-A,CH-147175-A
US-2830824-A,US-1900867-A
US-2830824-A,US-2440527-A
US-2830824-A,US-2610750-A
US-2830824-A,FR-1024531-A
US-2830824-A,US-2719043-A
US-2834032-A,US-947383-A
US-2834032-A,GB-192751-A
US-2834032-A,US-1658776-A
US-2834740-A,US-2623860-A
US-2834740-A,US-2662861-A
US-2834740-A,US-2777805-A
US-2835750-A,US-1809879-A
US-2835750-A,US-2033278-A
US-2835750-A,US-2730576-A
US-2835902-A,US-675409-A
US-2835902-A,US-1035642-A
US-2835902-A,US-1202528-A
US-2835902-A,US-1849864-A
US-2835902-A,US-2015391-A
US-2835902-A,US-2273672-A
US-2835902-A,US-2489828-A
US-2836180-A,DE-336530-C
US-2836180-A,US-1835287-A
US-2836180-A,US-2088788-A
US-2836180-A,US-2098886-A
US-2836180-A,US-2512568-A
US-2836180-A,US-2590895-A
US-2836180-A,US-2693803-A
US-2838888-A,US-2478607-A
US-2838888-A,US-2646652-A
US-2838888-A,US-2680939-A
US-2838888-A,US-2758427-A
US-2838888-A,US-2793479-A
US-2839461-A,US-720235-A
US-2839461-A,US-805969-A
US-2839461-A,US-1569137-A
US-2839461-A,US-1751630-A
US-2839461-A,US-1953758-A
US-2839461-A,US-2394874-A
US-2839461-A,GB-667659-A
US-2840256-A,US-332853-A
US-2840256-A,US-417242-A
US-2840256-A,US-1368221-A
US-2840256-A,US-2036723-A
US-2840256-A,US-2411673-A
US-2840256-A,US-2535493-A
US-2840256-A,US-2613834-A
US-2840256-A,US-2758742-A
US-2840256-A,US-2797178-A
US-2840283-A,US-1789421-A
US-2840283-A,US-2097601-A
US-2840283-A,US-2522857-A
US-2840283-A,US-2628656-A
US-2841366-A,US-1269970-A
US-2841366-A,US-2114476-A
US-2841366-A,US-2646254-A
US-2842650-A,US-2485609-A
US-2842650-A,US-2560763-A
US-2842868-A,US-703655-A
US-2842868-A,US-1675055-A
US-2842868-A,US-2090132-A
US-2842868-A,US-2722059-A
US-2844674-A,US-1239275-A
US-2844674-A,US-1343676-A
US-2844674-A,FR-536611-A
US-2844674-A,US-1619148-A
US-2844674-A,US-1799099-A
US-2844674-A,US-1838944-A
US-2844674-A,US-1858242-A
US-2844674-A,US-2015399-A
US-2844674-A,US-2095174-A
US-2844674-A,US-2174232-A
US-2844674-A,US-2252853-A
US-2844674-A,US-2359724-A
US-2844674-A,US-2377134-A
US-2844674-A,US-2400984-A
US-2844674-A,US-2550623-A
US-2847043-A,US-2188402-A
US-2847043-A,US-2640640-A
US-2847043-A,US-2796892-A
US-2847812-A,US-1758527-A
US-2847812-A,US-1778862-A
US-2847812-A,US-1822204-A
US-2847812-A,US-2236598-A
US-2847812-A,US-2291987-A
US-2847812-A,US-2329881-A
US-2847812-A,US-2590537-A
US-2847812-A,US-2617242-A
US-2849028-A,US-2023204-A
US-2849028-A,US-2330353-A
US-2849028-A,US-2450436-A
US-2849028-A,US-2526311-A
US-2849028-A,US-2590156-A
US-2849028-A,US-2743931-A
US-2849028-A,US-2746088-A
US-2849661-A,US-2628270-A
US-2849661-A,US-2637763-A
US-2849661-A,US-2668933-A
US-2849661-A,US-2760058-A
US-2849661-A,US-2764713-A
US-2852029-A,DE-814200-C
US-2852029-A,US-2766849-A
US-2852029-A,GB-763384-A
US-2854658-A,US-1456909-A
US-2854658-A,US-2659866-A
US-2855106-A,US-1926557-A
US-2855106-A,US-1976547-A
US-2855106-A,GB-486397-A
US-2855106-A,US-2453622-A
US-2855106-A,US-2601521-A
US-2855900-A,DE-314523-C
US-2855900-A,US-2219967-A
US-2855900-A,US-2341502-A
US-2855900-A,US-2380705-A
US-2855900-A,US-2487116-A
US-2855900-A,US-2596242-A
US-2855900-A,US-2719511-A
US-2856007-A,US-2392244-A
IL-246301-B,US-2003095931-A1
IL-246301-B,US-2003099692-A1
IL-246301-B,US-2007122455-A1
IL-246301-B,US-2011150954-A1
IL-246301-B,WO-2012082103-A1
IL-253639-B1,US-2004096959-A1
IL-253851-B1,US-5348788-A
IL-253851-B1,US-6409750-B1
IL-253851-B1,US-2006030933-A1
IL-253851-B1,US-2007106370-A1
IL-253851-B1,US-2007106302-A1
IL-253851-B1,US-2007135834-A1
IL-253851-B1,US-2008262528-A1
IL-253851-B1,WO-2011106426-A1
IL-253851-B1,US-2012283510-A1
IL-253851-B1,WO-2013102848-A2
IL-253851-B1,US-2014277098-A1
IL-253851-B1,US-2014371779-A1
IL-258486-A,US-3870712-A
IL-258486-A,US-5523408-A
IL-258486-A,WO-9857952-A1
IL-258486-A,WO-9857931-A2
IL-258486-A,
IL-258643-B,US-2003234298-A1
IL-258643-B,WO-2014184095-A1
IL-260278-A,US-2010284982-A1
IL-260278-A,WO-2015042204-A1
IL-260278-A,
IL-267971-A,US-2014158812-A1
IL-269595-B1,US-3718171-A
IL-269595-B1,US-4473201-A
IL-269595-B1,US-4497462-A
IL-269595-B1,US-2011121135-A1
IL-273173-B1,WO-2012177784-A2
IL-273173-B1,WO-2013074974-A2
IL-273173-B1,WO-2015168589-A2
IL-273173-B1,WO-2016149331-A2
IL-273173-B1,WO-2016168286-A1
IL-273173-B1,WO-2017059223-A2
IL-273899-B2,EP-0840573-A1
IL-273899-B2,US-2015305776-A1
IL-273899-B2,US-2017265898-A1
IL-274443-B2,US-2013314668-A1
IL-274443-B2,US-2016073091-A1
IL-274443-B2,US-2016189387-A1
IL-274487-B2,WO-0216322-A2
IL-274487-B2,WO-2004046114-A1
IL-274487-B2,WO-2016173998-A1
IL-276642-B1,US-4068696-A
IL-276642-B1,US-4759756-A
IL-276642-B1,US-2004024354-A1
IL-276642-B1,US-2015250681-A1
IL-276642-B1,US-2015297839-A1
IL-278115-B2,WO-2017056926-A1
IL-279604-B2,US-6267771-B1
IL-279604-B2,US-6287549-B1
IL-279604-B2,US-2003216719-A1
IL-279604-B2,US-2016074116-A1
IL-279604-B2,US-2017151330-A1
IL-280080-B1,US-9144411-B2
IL-287068-B1,EP-0170784-A1
IL-287068-B1,EP-1679365-A1
IL-287068-B1,US-2008045857-A1
IL-287375-B2,US-2009272914-A1
IL-287375-B2,US-2015160450-A1
IL-287375-B2,US-2016041095-A1
IL-287958-B1,EP-2111869-A1
IL-287958-B1,WO-2011143624-A2
IL-287958-B1,WO-2013119714-A1
IL-287958-B1,WO-2014087248-A2
IL-287958-B1,
IL-288048-B2,WO-2009026558-A1
IL-288048-B2,WO-2009055783-A2
IL-288048-B2,US-2010166768-A1
IL-288048-B2,WO-2011028938-A1
IL-292546-B2,DE-102007048463-B4
IL-292546-B2,US-2010294939-A1
IL-292546-B2,US-2013344277-A1
IL-293802-B1,US-7627975-B1
IL-293802-B1,US-2014047754-A1
IL-295162-A,US-2002112872-A1
IL-295162-A,US-2004192093-A1
IL-295162-A,DE-202010015912-U1
IL-295162-A,US-2019035516-A1
IL-295162-A,US-2021366632-A1
IL-295162-A,EP-3971941-A1
IL-295162-A,
IL-301670-B1,US-2008179359-A1
IL-301670-B1,US-7584875-B2
IL-301670-B1,CZ-29742-U1
IL-307609-B2,WO-9603883-A1
IL-307609-B2,US-9834608-B2
IL-307609-B2,US-2019011080-A1
IL-321983-B1,CN-219029647-U
IT-201600074410-A1,US-1545269-A
IT-201600074410-A1,GB-2054731-A
IT-201600074410-A1,DE-3243747-A1
IT-201600074410-A1,DE-3522285-A1
IT-201600074410-A1,WO-9832627-A1
IT-201600101875-A1,
IT-201600107111-A1,EP-1332689-A1
IT-201600107111-A1,EP-1915917-A1
IT-201600107111-A1,EP-1952713-A1
IT-201600107111-A1,WO-2013150489-A1
IT-201600107111-A1,EP-3097807-A1
IT-201600109323-A1,GB-1249720-A
IT-201600109323-A1,EP-0008373-A1
IT-201600109323-A1,US-5484837-A
IT-201600109323-A1,WO-2006032423-A1
IT-201600109323-A1,WO-2007039602-A2
IT-201600109323-A1,US-2008189879-A1
IT-201600114608-A1,EP-1895218-A1
IT-201600114608-A1,DE-102007060395-A1
IT-201600114608-A1,EP-2096289-A1
IT-201600114608-A1,CN-103821643-A
IT-201600114608-A1,CN-103850833-A
IT-201600115138-A1,GB-982937-A
IT-201600115138-A1,GB-2110184-A
IT-201600115138-A1,US-4450965-A
IT-201600115138-A1,FR-2706863-A1
IT-201600118233-A1,DE-29517545-U1
IT-201600118233-A1,DE-19954298-A1
IT-201600118233-A1,US-6832817-B1
IT-201600118233-A1,US-2016345741-A1
IT-201600118233-A1,
IT-201700006460-A1,US-4588365-A
IT-201700006460-A1,JP-H0655569-A
IT-201700006460-A1,JP-2001277283-A
IT-201700006460-A1,JP-2010269518-A
IT-201700020944-A1,US-2563951-A
IT-201700020944-A1,US-2012032484-A1
IT-201700021390-A1,CA-2767266-A1
IT-201700021390-A1,US-2014173811-A1
IT-201700027841-A1,JP-S60207710-A
IT-201700027841-A1,US-4872500-A
IT-201700027841-A1,JP-H11291101-A
IT-201700027841-A1,WO-2004021913-A2
IT-201700027841-A1,EP-2301694-A2
IT-201700027841-A1,US-2011195377-A1
IT-201700083272-A1,DE-3244209-A1
IT-201700083272-A1,DE-29616242-U1
IT-201700083272-A1,EP-2589842-A1
IT-201700083272-A1,
IT-201700088621-A1,WO-2004047717-A2
IT-201700088621-A1,CN-101579334-A
IT-201700088621-A1,JP-2016088857-A
IT-201700088621-A1,
IT-201700103344-A1,US-3636394-A
IT-201700103344-A1,EP-1337013-A2
IT-201700103344-A1,DE-102013226844-A1
IT-201700105600-A1,US-6105309-A
IT-201700105600-A1,JP-2008245554-A
IT-201700105600-A1,US-2014115958-A1
IT-201700105600-A1,US-9681504-B1
IT-201700105600-A1,US-2017223904-A1
IT-201800000641-A1,
IT-201800003401-A1,JP-S63159513-A
IT-201800003401-A1,WO-9000184-A1
IT-201800003401-A1,JP-2008087247-A
IT-201800003401-A1,DE-102008017960-A1
IT-201800003401-A1,EP-2153976-A1
IT-201800003401-A1,WO-2016035021-A1
IT-201800003401-A1,
IT-201800004265-A1,US-4893721-A
IT-201800004265-A1,US-2015250715-A1
IT-201800004265-A1,US-2016120808-A1
IT-201800004265-A1,WO-2018020237-A1
IT-201800007932-A1,GB-2397122-A
IT-201800007932-A1,WO-2008064396-A1
IT-201800007932-A1,US-2011037971-A1
IT-201800007932-A1,US-2011194111-A1
IT-201800007932-A1,US-2015228171-A1
IT-201800007932-A1,WO-2018005213-A1
IT-201800007932-A1,EP-3287999-A1
IT-201800009254-A1,US-6505776-B1
IT-201800009254-A1,DE-102007025521-A1
IT-201800009254-A1,US-2018089870-A1
IT-201800009254-A1,US-2018103778-A1
IT-201800009457-A1,DE-19857970-A1
IT-201800009457-A1,WO-2007135341-A1
IT-201800009457-A1,WO-2015159256-A1
IT-201800009457-A1,WO-2016185394-A2
IT-201800009497-A1,EP-0621099-A1
IT-201800009497-A1,EP-2832507-A1
IT-201800010828-A1,WO-2008044222-A2
IT-201800010828-A1,WO-2011148350-A1
IT-201800010828-A1,US-2017340472-A1
IT-201800010828-A1,EP-3498117-A1
IT-201800020965-A1,WO-9613301-A2
IT-201800020965-A1,US-5569235-A
IT-201800020965-A1,WO-9924090-A1
IT-201800020965-A1,WO-2015044834-A1
IT-201800020965-A1,WO-2015044835-A1
IT-201900000999-A1,EP-1588913-A1
IT-201900000999-A1,WO-2010034476-A1
IT-201900000999-A1,WO-2017058237-A1
IT-201900000999-A1,CN-104908321-B
IT-201900002099-A1,JP-H0680383-A
IT-201900002099-A1,JP-2013035651-A
IT-201900002099-A1,WO-2018090104-A1
IT-201900002099-A1,CN-108791751-A
IT-201900006026-A1,US-4751501-A
IT-201900006026-A1,US-5427596-A
IT-201900006026-A1,US-2005247194-A1
IT-201900006026-A1,US-2012323375-A1
IT-201900006026-A1,WO-2018031403-A1
IT-201900006495-A1,FR-823390-A
IT-201900006495-A1,DE-967430-C
IT-201900006495-A1,DE-2447118-A1
IT-201900006495-A1,FR-2448464-A1
IT-201900006495-A1,FR-2593758-A1
IT-201900006495-A1,JP-H05131920-A
IT-201900006495-A1,US-2011022252-A1
IT-201900006495-A1,WO-2011161333-A1
IT-201900006495-A1,WO-2015077806-A1
IT-201900006495-A1,WO-2015166357-A1
IT-201900016139-A1,EP-0722034-A1
IT-201900016139-A1,EP-1911925-A2
IT-201900016139-A1,DE-102017126455-A1
IT-201900025372-A1,EP-1589328-A1
IT-201900025372-A1,DE-102017211738-A1
IT-202000001576-A1,EP-2276015-A2
IT-202000001576-A1,EP-3162954-A1
IT-202000001576-A1,IT-201800007416-A1
IT-202000004252-A1,US-2018137201-A1
IT-202000009088-A1,US-2013067656-A1
IT-202000009088-A1,WO-2015019371-A1
IT-202000009088-A1,EP-3431132-A2
IT-202000009088-A1,IT-201800009586-A1
IT-202000014725-A1,US-5434196-A
IT-202000014725-A1,EP-1437624-A1
IT-202000014725-A1,EP-1508834-A2
IT-202000014725-A1,EP-2019975-A1
IT-202000014725-A1,US-2016369104-A1
IT-202000014725-A1,WO-2019130306-A1
IT-202000014725-A1,WO-2019204807-A1
IT-202000015424-A1,CN-104029373-A
IT-202000015424-A1,EP-2995436-A1
IT-202000015424-A1,CN-107718369-A
IT-202000015424-A1,CN-108251901-A
IT-202000015424-A1,KR-101941264-B1
IT-202000016870-A1,WO-0230766-A2
IT-202000016870-A1,US-6565743-B1
IT-202000016870-A1,WO-2006031838-A1
IT-202000016870-A1,US-2008203007-A1
IT-202000016870-A1,WO-2010142473-A1
IT-202000016870-A1,WO-2014144191-A1
IT-202000016870-A1,US-2016031721-A1
IT-202000016870-A1,US-2018044201-A1
IT-202000016870-A1,WO-2020144642-A1
IT-202000017524-A1,US-2009044600-A1
IT-202000017524-A1,US-2014053634-A1
IT-202000017524-A1,CN-111122407-A
IT-202000017524-A1,
IT-202000019636-A1,CN-202399326-U
IT-202000019636-A1,CN-102343601-B
IT-202000019636-A1,WO-2014074023-A2
IT-202000019636-A1,US-10369719-B1
IT-202000019636-A1,US-2020039105-A1
IT-202000027459-A1,US-2017037874-A1
IT-202000027459-A1,US-2017152868-A1
IT-202000027459-A1,US-2020164526-A1
IT-202100001580-A1,JP-S5332861-U
IT-202100001580-A1,US-4143468-A
IT-202100001580-A1,US-6088931-A
IT-202100001580-A1,DE-19933960-C1
IT-202100001580-A1,US-6621087-B1
IT-202100001580-A1,US-2006201018-A1
IT-202100001580-A1,EP-1967284-A2
IT-202100001580-A1,JP-2014023993-A
IT-202100001580-A1,WO-2015022857-A1
IT-202100001580-A1,EP-2198981-B1
IT-202100003080-A1,JP-2005172680-A
IT-202100003080-A1,US-2015064703-A1
IT-202100003080-A1,US-9902987-B2
IT-202100003080-A1,
IT-202100010916-A1,WO-2010132857-A1
IT-202100010916-A1,US-2011278500-A1
IT-202100010916-A1,CN-106727252-A
IT-202100010916-A1,US-10398637-B2
IT-202100010916-A1,US-2021093539-A1
IT-202100010916-A1,
IT-202100014978-A1,DE-102009024773-A1
IT-202100014978-A1,DE-102010047421-A1
IT-202100015656-A1,US-2018182088-A1
IT-202100015656-A1,SE-1930309-A1
IT-202100015656-A1,
IT-202100026369-A1,CN-101814130-A
IT-202100026369-A1,WO-2012068675-A1
IT-202100026369-A1,US-2017272647-A1
IT-202100032714-A1,US-3776676-A
IT-202100032714-A1,WO-9202351-A1
IT-202200000932-A1,US-6569329-B1
IT-202200000932-A1,US-2004060873-A1
IT-202200000932-A1,CN-203513390-U
IT-202200000932-A1,EP-3356298-A1
IT-202200005087-A1,GB-1159729-A
IT-202200005087-A1,EP-2107581-A1
IT-202200005087-A1,WO-2013079091-A1
IT-202200005087-A1,EP-2853012-B1
IT-202200005087-A1,WO-2018070589-A1
IT-202200005840-A1,WO-2011161142-A1
IT-202200005840-A1,CN-105661617-B
IT-202200005960-A1,US-5229044-A
IT-202200005960-A1,JP-2011056572-A
IT-202200005960-A1,US-2014144205-A1
IT-202200005960-A1,JP-2014213350-A
IT-202200005960-A1,CN-105115662-A
IT-202200005960-A1,CN-207894551-U
IT-202200010205-A1,WO-9317926-A1
IT-202200010205-A1,JP-2002249151-A
IT-202200010205-A1,EP-1354810-A1
IT-202200010205-A1,EP-2548811-A1
IT-202200010205-A1,IT-TO20150224-A1
IT-202200015396-A1,EP-0545185-A1
IT-202200015396-A1,US-2017166097-A1
IT-202200015396-A1,EP-3763563-A1
IT-202200022080-A1,JP-H09229495-A
IT-202200022080-A1,US-2017167762-A1
IT-202200022080-A1,EP-3499148-A1
IT-202200022080-A1,EP-3633290-A1
IT-202200022080-A1,GB-2588714-A
IT-202200022080-A1,WO-2021223481-A1
IT-202300000480-A1,US-5625639-A
IT-202300000480-A1,US-2009196329-A1
IT-202300000480-A1,US-2017078125-A1
IT-202300000480-A1,EP-3896861-A1
IT-202300002550-A1,JP-2000030732-A
IT-202300002550-A1,CN-102386372-A
IT-202300002550-A1,KR-101726381-B1
IT-202300002550-A1,CN-209001039-U
IT-202300002550-A1,KR-102028360-B1
IT-202300004671-A1,US-3920176-A
IT-202300004671-A1,US-4256252-A
IT-202300004671-A1,EP-0774622-A1
IT-202300004671-A1,JP-H09267168-A
IT-202300004671-A1,US-2004050905-A1
IT-202300004671-A1,US-2010139094-A1
IT-202300004671-A1,KR-20110125707-A
IT-202300004671-A1,CN-205551724-U
IT-202300004671-A1,CN-106425003-A
IT-202300004671-A1,CN-114178646-A
IT-202300005016-A1,GB-1459575-A
IT-202300005016-A1,US-10106467-B1
IT-202300006765-A1,US-2011185874-A1
IT-202300006765-A1,CN-114378580-A
IT-202300009375-A1,US-2015305974-A1
IT-202300009375-A1,US-2017290436-A1
IT-202300009375-A1,EP-3991612-A1
IT-202300013530-A1,DE-1235100-B
IT-202300013530-A1,JP-S56165664-A
IT-202300013530-A1,JP-S576908-A
IT-202300013530-A1,DE-3109110-A1
IT-202300013530-A1,DE-3709271-A1
IT-202300013530-A1,JP-H02112824-A
IT-202300013530-A1,EP-0723825-A1
IT-202300013530-A1,EP-0916422-B1
IT-202300013530-A1,WO-2013164431-A1
IT-202300013530-A1,WO-2022150440-A1
IT-202300013530-A1,KR-20230035934-A
IT-202300015180-A1,EP-2949632-A1
IT-202300015180-A1,CN-107777943-A
IT-202300015180-A1,CN-109987900-A
IT-202300015180-A1,
IT-202300019125-A1,EP-0361365-A1
IT-202300019125-A1,US-6372938-B1
IT-202300019125-A1,US-2007004805-A1
IT-202300019125-A1,CN-102757334-A
IT-202300019125-A1,IN-2012MU01279-A
IT-202300019125-A1,
IT-202300021747-A1,CN-200985074-Y
IT-202300021747-A1,CN-109515589-A
IT-202300021747-A1,US-2021062841-A1
IT-202300021747-A1,WO-2022162579-A1
IT-202300021747-A1,DE-202023104373-U1
IT-202300024867-A1,US-4366813-A
IT-202300024867-A1,US-2003069531-A1
IT-202300024867-A1,US-7749181-B2
IT-202300024867-A1,US-2018042754-A1
IT-202300024867-A1,US-2020237545-A1
IT-202400003595-A1,DE-9002099-U1
IT-202400003595-A1,DE-4318966-A1
IT-202400003595-A1,EP-1155965-A1
IT-202400003595-A1,EP-2301860-A1
IT-202400003595-A1,US-D666691-S
IT-202400003595-A1,FR-3079827-A1
IT-202400003595-A1,US-2020172328-A1
IT-AN20130035-A1,US-5451248-A
IT-AN20130035-A1,EP-0880903-A1
IT-BO20090532-A1,US-5647864-A
IT-BO20090532-A1,US-2005130543-A1
IT-BO20090708-A1,EP-0032683-A1
IT-BO20090708-A1,EP-0032682-A1
IT-BO20090708-A1,EP-0215366-A2
IT-BO20090708-A1,US-2005148479-A1
IT-BO20090708-A1,GB-2420341-A
IT-BO20090708-A1,DE-102005004487-A1
IT-BO20090708-A1,FR-2885789-A1
IT-BO20090708-A1,WO-2008145964-A1
IT-BO20090708-A1,WO-2009095638-A1
IT-BO20120363-A1,DE-102008031456-A1
IT-BO20120363-A1,US-2011167956-A1
IT-BO20120363-A1,EP-2447571-A1
IT-BO20120363-A1,EP-2468553-A1
IT-BS20100069-A1,US-2003021115-A1
IT-BS20100069-A1,WO-2005106320-A1
IT-BS20100069-A1,WO-2008112284-A1
IT-BS20100069-A1,US-2010061095-A1
IT-CB20080004-A1,JP-S62142853-A
IT-CB20080004-A1,JP-H05223014-A
IT-CB20080004-A1,JP-H06129313-A
IT-CB20080004-A1,JP-2003328859-A
IT-CB20080004-A1,EP-1418332-A2
IT-CE20100009-A1,DE-876021-C
IT-CE20100009-A1,JP-S59162337-A
IT-CE20100009-A1,DE-3525246-A1
IT-CE20100009-A1,DE-102004011414-A1
IT-CE20100009-A1,WO-2008036999-A1
IT-CS20110002-A1,DE-2505290-A1
IT-CS20110002-A1,US-2005121915-A1
IT-CS20110002-A1,WO-2010067341-A2
IT-CS20110002-A1,DE-102009012168-A1
IT-FI20100086-A1,WO-2006013124-A1
IT-FI20100086-A1,EP-1859714-A1
IT-FI20100086-A1,FR-2916336-A1
IT-FI20100086-A1,EP-2177136-A1
IT-FI20130197-A1,US-622474-A
IT-FI20130197-A1,US-2929937-A
IT-FI20130197-A1,US-4272685-A
IT-FI20130197-A1,JP-H09177652-A
IT-FI20130197-A1,US-2006237972-A1
IT-FI20130197-A1,WO-2011019094-A1
IT-FI20130197-A1,WO-2012054276-A1
IT-FO20110003-A1,CH-614349-A5
IT-FO20110003-A1,US-2009126257-A1
IT-FO20110003-A1,US-7694456-B1
IT-FO20110003-A1,CN-101904533-A
IT-FO20110003-A1,CN-102086432-A
IT-FO20110003-A1,CN-102161957-A
IT-FO20110003-A1,CN-102181359-A
IT-FO20110003-A1,
IT-MI20090014-A1,EP-1857127-A1
IT-MI20090014-A1,WO-2008089730-A2
IT-MI20090014-A1,US-2008255510-A1
IT-MI20090638-A1,US-2003101970-A1
IT-MI20090638-A1,US-2003108443-A1
IT-MI20090638-A1,WO-03048564-A1
IT-MI20090638-A1,EP-1394403-A2
IT-MI20090638-A1,EP-1544462-A2
IT-MI20100071-A1,GB-1478873-A
IT-MI20100071-A1,DE-2854228-A1
IT-MI20100071-A1,DE-3027217-A1
IT-MI20100071-A1,US-4614013-A
IT-MI20100071-A1,EP-0854248-A2
IT-MI20100071-A1,EP-1106745-A2
IT-MI20100071-A1,US-2003029107-A1
IT-MI20100591-A1,US-2028483-A
IT-MI20100591-A1,US-2955592-A
IT-MI20100591-A1,US-3945372-A
IT-MI20100591-A1,JP-H11173959-A
IT-MI20100591-A1,US-6083237-A
IT-MI20100591-A1,EP-1384442-A1
IT-MI20100591-A1,GB-2430032-A
IT-MI20101235-A1,GB-422554-A
IT-MI20101235-A1,GB-1091911-A
IT-MI20101235-A1,CH-627806-A5
IT-MI20101235-A1,JP-2005188185-A
IT-MI20112177-A1,
IT-MI20120583-A1,DE-102008000100-A1
IT-MI20120583-A1,
IT-MI20121965-A1,WO-2007048772-A1
IT-MI20121965-A1,EP-2082751-A2
IT-MI20131168-A1,EP-1052605-A2
IT-MI20131168-A1,US-2005179539-A1
IT-MI20131168-A1,DE-202006015887-U1
IT-MI20131168-A1,US-2007075855-A1
IT-MI20131168-A1,US-2009070477-A1
IT-MI20131168-A1,US-2009244279-A1
IT-MI20131168-A1,US-7703996-B1
IT-MI20131168-A1,US-2013113928-A1
IT-MI20131168-A1,US-2013120131-A1
IT-MI20131435-A1,US-4994179-A
IT-MI20131435-A1,GB-2338192-A
IT-MI20131435-A1,EP-1400492-A2
IT-PD20080241-A1,US-2220650-A
IT-PD20080241-A1,CA-964892-A
IT-PD20080241-A1,GB-2299559-A
IT-PD20080241-A1,JP-2003274604-A
IT-PD20120028-A1,EP-0697369-A1
IT-PD20120028-A1,WO-9903774-A1
IT-PD20120028-A1,US-2005150571-A1
IT-PD20120028-A1,EP-2386518-A1
IT-PD20130313-A1,US-4444148-A
IT-PD20130313-A1,NL-9500326-A
IT-PD20130313-A1,CH-688428-A5
IT-PD20130313-A1,EP-1488690-A2
IT-PD20130313-A1,US-2007283895-A1
IT-PG20090064-A1,FR-2888108-A1
IT-PI20090119-A1,DE-8403347-U1
IT-PI20090119-A1,US-4748782-A
IT-PI20090119-A1,US-4887405-A
IT-RM20120435-A1,DE-2452181-A1
IT-RM20120435-A1,WO-8201068-A1
IT-RM20120435-A1,JP-2001070770-A
IT-RM20120435-A1,US-2011036761-A1
IT-RM20120435-A1,US-2011079519-A1
IT-RM20130677-A1,GB-354092-A
IT-RM20130677-A1,GB-395579-A
IT-RM20130677-A1,GB-554755-A
IT-RM20130677-A1,WO-9510731-A1
IT-RM20130677-A1,CN-201181689-Y
IT-RM20130677-A1,WO-2010012137-A1
IT-RM20130677-A1,EP-2175194-A1
IT-RM20130677-A1,EP-2180244-A1
IT-TO20080948-A1,JP-H11163585-A
IT-TO20080948-A1,JP-2000196288-A
IT-TO20080948-A1,US-6147302-A
IT-TO20091056-A1,
IT-TO20101046-A1,US-4340791-A
IT-TO20101046-A1,DE-19705068-A1
IT-TO20101046-A1,GB-2374981-A
IT-TO20101046-A1,EP-1615249-A2
IT-TO20101046-A1,EP-2164085-A1
IT-TO20110491-A1,US-3730372-A
IT-TO20110491-A1,DE-29820850-U1
IT-TO20110491-A1,GB-2401025-A
IT-TO20120257-A1,US-6396400-B1
IT-TO20120257-A1,GB-2410144-A
IT-TO20120257-A1,EP-2361003-A2
IT-TO20120257-A1,US-2012050998-A1
IT-TO20120966-A1,WO-9718673-A1
IT-TO20120966-A1,WO-0147286-A2
IT-TO20120966-A1,US-2001030710-A1
IT-TO20120966-A1,US-2008284910-A1
IT-TO20130064-A1,US-2749704-A
IT-TO20130064-A1,JP-S5228358-A
IT-TO20130064-A1,DE-4334646-C1
IT-TO20130064-A1,WO-2007113603-A1
IT-TO20130449-A1,US-5277291-A
IT-TO20130449-A1,DE-4342007-A1
IT-TO20130449-A1,WO-9961231-A1
IT-TO20130449-A1,JP-2000015487-A
IT-TO20130449-A1,JP-2000167694-A
IT-TO20130449-A1,WO-0040397-A1
IT-TO20130449-A1,WO-0047398-A1
IT-TO20130449-A1,JP-2001038493-A
IT-TO20130449-A1,JP-2004223609-A
IT-TO20130449-A1,DE-10323611-A1
IT-TO20130449-A1,WO-2004106047-A1
IT-TO20130449-A1,JP-2005111552-A
IT-TV20100060-A1,EP-0785406-A2
IT-TV20100060-A1,US-6636826-B1
IT-TV20100060-A1,EP-1762811-A1
IT-TV20100060-A1,US-7296358-B1
IT-TV20100060-A1,
IT-TV20130100-A1,CH-599412-A5
IT-TV20130100-A1,US-4280686-A
IT-TV20130100-A1,DE-3839369-A1
IT-TV20130100-A1,WO-9718736-A1
IT-UB20153011-A1,US-1757276-A
IT-UB20153011-A1,JP-H09249288-A
IT-UB20153011-A1,US-6047496-A
IT-UB20153011-A1,US-6063418-A
IT-UB20153011-A1,US-2002182104-A1
IT-UB20153011-A1,WO-2004008886-A1
IT-UB20153011-A1,AU-2008100141-A4
IT-UB20153011-A1,EP-2165613-A1
IT-UB20153011-A1,WO-2011053676-A2
IT-UB20155794-A1,US-2002052159-A1
IT-UB20155794-A1,US-2013271301-A1
IT-UB20155794-A1,GB-2506108-A
IT-VI20090094-A1,DE-10065250-A1
IT-VI20090094-A1,EP-1336359-A1
IT-VI20100292-A1,US-3570190-A
IT-VI20100292-A1,DE-7912841-U1
IT-VI20100292-A1,US-2005136813-A1
IT-VI20100292-A1,WO-2011026806-A1
IT-VI20100303-A1,DE-424156-C
IT-VI20100303-A1,JP-H05237199-A
IT-VI20100303-A1,US-5392990-A
IT-VI20100303-A1,US-2004089735-A1
IT-VI20100303-A1,FR-2855369-A1
IT-VI20120058-A1,US-2288042-A
IT-VI20120058-A1,EP-0340381-A2
IT-VI20120058-A1,FR-2856661-A3
IT-VI20120058-A1,US-2006255109-A1
IT-VR20100047-A1,FR-2531932-A1
IT-VR20100047-A1,FR-2668124-A1
IT-VR20100047-A1,EP-1148032-A1
IT-VR20100047-A1,KR-20020095410-A
IT-VR20100047-A1,WO-2006047943-A1
IT-VR20100047-A1,WO-2006135355-A1
IT-VR20100047-A1,US-2009250131-A1
IT-VR20100084-A1,WO-9003724-A1
IT-VR20100084-A1,US-2008201582-A1
IT-VR20100084-A1,GB-2447241-A
IT-VR20100084-A1,WO-2008145170-A1
IT-VR20110097-A1,GB-1199812-A
IT-VR20110097-A1,GB-1387959-A
IT-VR20110097-A1,US-4611705-A
JP-1561022-S,JP-S487886-U
JP-1561022-S,JP-S6229223-U
JP-1561022-S,JP-3084779-B2
JP-2000026278-A,JP-S60156617-A
JP-2000026278-A,JP-H01216934-A
JP-2000026278-A,JP-H05178747-A
JP-2000026278-A,WO-9617598-A1
JP-2000050932-A,US-1727954-A
JP-2000050932-A,US-2080453-A
JP-2000050932-A,US-2784756-A
JP-2000050932-A,JP-S6143414-U
JP-2000050932-A,JP-H0318965-A
JP-2000050932-A,JP-H0343044-A
JP-2000071474-A,JP-S59185657-A
JP-2000071474-A,JP-S59185658-A
JP-2000071474-A,JP-H01209147-A
JP-2000071474-A,JP-H0359016-U
JP-2000071474-A,JP-H055579-A
JP-2000075123-A,JP-H09127327-A
JP-2000075123-A,JP-H09203803-A
JP-2000075123-A,JP-H09230129-A
JP-2000075123-A,JP-H09230123-A
JP-2000075123-A,JP-H09318812-A
JP-2000075123-A,JP-H1086508-A
JP-2000075123-A,JP-H10115703-A
JP-2000075123-A,JP-H10197715-A
JP-2000075123-A,WO-9948339-A1
JP-2000075123-A,WO-9948399-A1
JP-2000075123-A,JP-H11271753-A
JP-2000075123-A,JP-H11329741-A
JP-2000076260-A,JP-H0793353-A
JP-2000088025-A,JP-S58195321-U
JP-2000088025-A,JP-S60107433-U
JP-2000088025-A,JP-S6239021-U
JP-2000088025-A,JP-S62237129-A
JP-2000088025-A,JP-H0234822-U
JP-2000088025-A,JP-H02107840-U
JP-2000088025-A,JP-H06304676-A
JP-2000088025-A,JP-H0824963-A
JP-2000088025-A,JP-H0988953-A
JP-2000090783-A,JP-H06176664-A
JP-2000090783-A,JP-H08279417-A
JP-2000104202-A,JP-S5656904-U
JP-2000104202-A,JP-S60258301-A
JP-2000104202-A,JP-S61184706-U
JP-2000104202-A,JP-H0978501-A
JP-2000136750-A,JP-S6238854-A
JP-2000136750-A,JP-H0942042-A
JP-2000136750-A,JP-H0979083-A
JP-2000137497-A,JP-H05316355-A
JP-2000137497-A,JP-H08160998-A
JP-2000137497-A,WO-9738497-A1
JP-2000137497-A,JP-H1039897-A
JP-2000137497-A,
JP-2000140930-A,JP-S6061114-A
JP-2000140930-A,JP-H0852502-A
JP-2000140930-A,JP-H0967648-A
JP-2000146689-A,JP-S54105585-U
JP-2000146689-A,JP-S57104828-A
JP-2000146689-A,JP-H04360588-A
JP-2000146689-A,JP-H06283766-A
JP-2000146689-A,JP-2000121432-A
JP-2000176202-A,JP-H0478401-A
JP-2000176202-A,JP-H08208554-A
JP-2000176202-A,JP-2000096067-A
JP-2000212171-A,US-3379676-A
JP-2000212171-A,JP-S57188576-A
JP-2000212171-A,JP-S57193467-A
JP-2000212171-A,JP-H04294330-A
JP-2000212171-A,JP-H09316061-A
JP-2000243350-A,JP-S52120586-A
JP-2000243350-A,JP-H01128345-A
JP-2000243350-A,JP-H09171797-A
JP-2000251468-A,JP-H08212778-A
JP-2000251468-A,JP-H08221978-A
JP-2000251468-A,JP-H09223389-A
JP-2000253014-A,JP-H04322532-A
JP-2000253014-A,JP-H0746257-A
JP-2000253014-A,JP-H0936846-A
JP-2000253014-A,JP-H09214477-A
JP-2000253014-A,JP-H09247156-A
JP-2000253014-A,JP-H10271122-A
JP-2000253014-A,JP-H10271115-A
JP-2000260792-A,JP-H07153798-A
JP-2000260792-A,JP-H10163599-A
JP-2000260792-A,JP-H10313022-A
JP-2000277168-A,JP-H07241041-A
JP-2000277168-A,JP-H08138746-A
JP-2000277168-A,JP-H08182213-A
JP-2000277168-A,JP-H08308103-A
JP-2000277168-A,JP-H10136578-A
JP-2000277168-A,JP-H10191571-A
JP-2000308412-A,WO-9805196-A1
JP-2000308412-A,JP-2000139208-A
US-2013242920-A1,US-2005111476-A1
US-2013242920-A1,US-2006057965-A1
US-2013242920-A1,US-2009097586-A1
US-2013242920-A1,US-2010027456-A1
US-2013242920-A1,WO-2010124725-A1
US-2013242920-A1,US-2011149914-A1
US-2013242920-A1,US-2011199990-A1
US-2013242920-A1,US-2011243208-A1
US-2013242920-A1,US-2012026940-A1
US-2013242920-A1,US-2012033624-A1
US-2013242920-A1,US-2012155366-A1
US-2013242966-A1,US-2002160781-A1
US-2013242966-A1,US-2003081584-A1
US-2013242966-A1,US-2004109492-A1
US-2013242966-A1,US-2005002353-A1
US-2013242966-A1,US-2005271000-A1
US-2013242966-A1,US-2008305744-A1
US-2013243608-A1,JP-H0562826-A
US-2013243627-A1,US-5961298-A
US-2013243627-A1,US-2004010267-A1
US-2013244493-A1,US-1981458-A
US-2013244493-A1,US-3061716-A
US-2013244493-A1,US-3787798-A
US-2013244493-A1,US-4575704-A
US-2013244493-A1,US-4850886-A
US-2013244493-A1,US-4927376-A
US-2013244493-A1,US-D400855-S
US-2013244493-A1,US-5928020-A
US-2013244493-A1,US-6027377-A
US-2013244493-A1,US-6089924-A
US-2013244493-A1,US-6692284-B1
US-2013244493-A1,US-6736666-B2
US-2013244493-A1,US-6966799-B1
US-2013244493-A1,US-7220136-B1
US-2013244493-A1,US-2010167596-A1
US-2013244493-A1,US-2013244500-A1
US-2013244615-A1,US-2004077313-A1
US-2013244615-A1,US-7257374-B1
US-2013244615-A1,US-7403743-B2
US-2013244615-A1,US-2009193514-A1
US-2013244615-A1,US-2010081414-A1
US-2013244615-A1,US-2011111698-A1
US-2013244615-A1,US-8270946-B2
US-2013244615-A1,US-2012252480-A1
US-2013244729-A1,US-2013100082-A1
US-2013245183-A1,US-2007295019-A1
US-2013245183-A1,WO-2008130943-A2
US-2013245183-A1,JP-2010070603-A
US-2013245183-A1,US-2012298657-A1
US-2013247121-A1,US-2007053514-A1
US-2013247121-A1,US-2011205445-A1
US-2013247684-A1,US-5535632-A
US-2013247684-A1,US-6257070-B1
US-2013247684-A1,US-2012055262-A1
US-2013247684-A1,US-2012234103-A1
US-2013247984-A1,US-5180634-A
US-2013247984-A1,US-5534384-A
US-2013247984-A1,US-2008070182-A1
US-2013247984-A1,US-2011166293-A1
US-2013247984-A1,US-2011277834-A1
US-2013247984-A1,
US-2013248812-A1,US-2005260857-A1
US-2013248812-A1,US-7186658-B2
US-2013248812-A1,US-2007238203-A1
US-2013251731-A1,
US-2013252436-A1,US-5645634-A
US-2013252436-A1,US-7304339-B2
US-2013252436-A1,
US-2013257420-A1,US-2005174112-A1
US-2013257420-A1,US-2008197438-A1
US-2013257420-A1,US-2012199921-A1
US-2013258385-A1,US-6202206-B1
US-2013258385-A1,US-2002138666-A1
US-2013258385-A1,US-2002184499-A1
US-2013258385-A1,US-2004015956-A1
US-2013258385-A1,US-2004057074-A1
US-2013258385-A1,US-2004109187-A1
US-2013258385-A1,US-2004254889-A1
US-2013258385-A1,US-6836623-B2
US-2013258385-A1,US-2005179961-A1
US-2013258385-A1,US-6948166-B2
US-2013258385-A1,US-8488135-B2
US-2013258539-A1,US-3393347-A
US-2013258539-A1,US-2003218843-A1
US-2013258539-A1,US-7561395-B1
US-2013258539-A1,US-2009284889-A1
US-2013258539-A1,US-8493701-B2
US-2013258859-A1,US-2010173586-A1
US-2013258859-A1,US-2010177673-A1
US-2013258859-A1,US-2010197243-A1
US-2013258859-A1,US-2010246544-A1
US-2013258859-A1,US-2010316155-A1
US-2013258859-A1,US-2012063364-A1
US-2013260671-A1,US-5890787-A
US-2013260671-A1,US-6128276-A
US-2013260671-A1,US-6166610-A
US-2013260671-A1,US-6292143-B1
US-2013260671-A1,US-6297897-B1
US-2013260671-A1,US-2003030594-A1
US-2013260671-A1,US-6570528-B1
US-2013260671-A1,US-2004030468-A1
US-2013260671-A1,US-2004095907-A1
US-2013260671-A1,US-6741633-B1
US-2013260671-A1,US-6771225-B2
US-2013260671-A1,US-6778887-B2
US-2013260671-A1,US-2006012521-A1
US-2013260671-A1,US-2007135050-A1
US-2013260671-A1,US-7248841-B2
US-2013260671-A1,US-2008143600-A1
US-2013260671-A1,US-2008298516-A1
US-2013260671-A1,US-2009086862-A1
US-2013260671-A1,US-7596354-B2
US-2013260671-A1,US-7652625-B2
US-2013260671-A1,US-7675462-B2
US-2013260671-A1,US-7786933-B2
US-2013260671-A1,US-7911400-B2
US-2013260671-A1,US-8035562-B2
US-2013260671-A1,US-8170158-B2
US-2013260671-A1,US-8200150-B2
US-2013260671-A1,US-8232918-B2
US-2013260671-A1,US-8331505-B2
US-2013260671-A1,US-8346162-B1
US-2013260671-A1,US-8462066-B2
US-2013260671-A1,US-8712318-B2
US-2013262458-A1,US-2003221541-A1
US-2013262458-A1,US-2004068552-A1
US-2013262458-A1,US-2007061497-A1
US-2013262458-A1,US-2007074617-A1
US-2013262458-A1,US-2008141133-A1
US-2013262458-A1,US-2009063414-A1
US-2013262458-A1,US-2009083326-A1
US-2013262458-A1,US-2010088327-A1
US-2013262458-A1,US-2010131548-A1
US-2013262458-A1,US-2011246508-A1
US-2013262458-A1,US-2013166649-A1
US-2013262458-A1,US-2013198632-A1
US-2013263820-A1,US-7464688-B2
US-2013263820-A1,US-2011108631-A1
US-2013263904-A1,US-2115828-A
US-2013263904-A1,US-2938357-A
US-2013263904-A1,US-4125122-A
US-2013263904-A1,US-5487790-A
US-2013263904-A1,US-6166317-A
US-2013263904-A1,US-2004031514-A1
US-2013263904-A1,US-6717043-B2
US-2013264245-A1,US-4444655-A
US-2013264245-A1,US-4511458-A
US-2013264245-A1,US-4937218-A
US-2013264245-A1,US-5024750-A
US-2013264245-A1,US-6383974-B1
US-2013264245-A1,US-6547957-B1
US-2013264245-A1,US-2007267327-A1
US-2013264245-A1,US-7381320-B2
US-2013264245-A1,US-7465395-B2
US-2013264245-A1,US-7566394-B2
US-2013264245-A1,US-7790018-B2
US-2013264245-A1,US-7964090-B2
US-2013264245-A1,US-8201445-B2
US-2013264323-A1,US-6717108-B2
US-2013264323-A1,US-2004188404-A1
US-2013264323-A1,US-2006213891-A1
US-2013264323-A1,US-7928340-B2
US-2013264323-A1,US-2012080416-A1
US-2013264323-A1,US-2012132632-A1
US-2013264323-A1,US-2012145691-A1
US-2013264323-A1,US-8604387-B2
US-2013264323-A1,US-8809736-B2
US-2013264323-A1,US-8901454-B2
US-2013264323-A1,
US-2013264914-A1,US-5614777-A
US-2013264914-A1,US-5864303-A
US-2013264914-A1,US-5998899-A
US-2013264914-A1,US-2002158530-A1
US-2013264914-A1,US-6585490-B1
US-2013264914-A1,US-6882072-B2
US-2013264914-A1,US-6995529-B2
US-2013264914-A1,US-2006038453-A1
US-2013264914-A1,US-2009282822-A1
US-2013264914-A1,US-2013078112-A1
US-2013265197-A1,US-3858218-A
US-2013265197-A1,US-4231040-A
US-2013265197-A1,US-6791507-B2
US-2013265197-A1,US-6870515-B2
US-2013265197-A1,US-2009322608-A1
US-2013265898-A1,US-2006165035-A1
US-2013265898-A1,US-2006205424-A1
US-2013265898-A1,US-2006268908-A1
US-2013265898-A1,US-2007160009-A1
US-2013265898-A1,US-2008181173-A1
US-2013265898-A1,WO-2011122596-A1
US-2013265898-A1,US-2013003597-A1
US-2013266383-A1,US-4627128-A
US-2013266383-A1,US-4768254-A
US-2013266383-A1,US-5713232-A
US-2013266383-A1,US-6732395-B2
US-2013266383-A1,US-2005081391-A1
US-2013268479-A1,US-2011082915-A1
US-2013268479-A1,US-2011276882-A1
US-2013268479-A1,US-2012089669-A1
US-2013268479-A1,US-2012229625-A1
US-2013268479-A1,US-2013014136-A1
US-2013268994-A1,US-2008229422-A1
US-2013268994-A1,US-2008244744-A1
US-2013268994-A1,US-2009150236-A1
US-2013268994-A1,US-2009178142-A1
US-2013268994-A1,US-2009232300-A1
US-2013268994-A1,US-2010223349-A1
US-2013268994-A1,US-2010242082-A1
US-2013268994-A1,US-2010306846-A1
US-2013268994-A1,US-7870203-B2
US-2013268994-A1,US-2012291087-A1
US-2013268994-A1,US-8621618-B1
US-2013270728-A1,JP-H0596592-A
US-2013270728-A1,US-5229952-A
US-2013270728-A1,EP-0596592-A2
US-2013270728-A1,DE-4434653-A1
US-2013270728-A1,US-5518671-A
US-2013270728-A1,US-5945046-A
US-2013270728-A1,US-2008039969-A1
US-2013270728-A1,
US-2013271160-A1,US-2007074914-A1
US-2013271160-A1,US-2010108409-A1
US-2013271160-A1,US-2011096025-A1
US-2013271160-A1,US-2011279169-A1
US-2013271160-A1,US-2012038583-A1
US-2013271160-A1,US-2012162094-A1
US-2013271160-A1,US-2012182261-A1
US-2013271160-A1,US-2013050139-A1
US-2013275611-A1,US-2004034536-A1
US-2013275611-A1,US-7020710-B2
US-2013275611-A1,US-2006248013-A1
US-2013275611-A1,US-7325043-B1
US-2013275611-A1,US-2010057928-A1
US-2013275611-A1,US-2010064053-A1
US-2013275611-A1,US-2010268361-A1
US-2013275611-A1,US-2011038376-A1
US-2013275611-A1,US-7912920-B2
US-2013275611-A1,US-7937488-B2
US-2013275611-A1,US-8555318-B2
US-2013276250-A1,US-3381714-A
US-2013276250-A1,US-5460046-A
US-2013276938-A1,
US-2013278003-A1,US-2013280473-A1
US-2013278003-A1,US-2013278019-A1
US-2013279125-A1,US-2003221944-A1
US-2013279125-A1,US-2007257398-A1
US-2013279125-A1,US-2008285219-A1
US-2013279125-A1,US-2011028293-A1
US-2013281425-A1,WO-2004037265-A1
US-2013281956-A1,US-6132412-A
US-2013281956-A1,US-6334221-B1
US-2013281956-A1,US-2005076423-A1
US-2013281956-A1,US-7594281-B1
US-2013282694-A1,US-5608904-A
US-2013282694-A1,US-2007043702-A1
US-2013282694-A1,US-2010005108-A1
US-2013282694-A1,US-8359342-B2
US-2013282694-A1,
US-2013283098-A1,US-5790289-A
US-2013283098-A1,US-7319824-B2
US-2013283098-A1,US-8290372-B2
US-2013283131-A1,US-7752529-B2
US-2013283131-A1,US-8145987-B2
US-2013283131-A1,US-8370731-B2
US-2013283131-A1,US-8433984-B2
US-2013283363-A1,US-2008060016-A1
US-2013283363-A1,US-2011158402-A1
US-2013283363-A1,US-2013212278-A1
US-2013284748-A1,US-2335038-A
US-2013284748-A1,US-2370677-A
US-2013284748-A1,US-2376351-A
US-2013284748-A1,US-2381396-A
US-2013284748-A1,US-2744043-A
US-2013284748-A1,US-3661294-A
US-2013284748-A1,US-5257761-A
US-2013284748-A1,US-2004160052-A1
US-2013284748-A1,US-2005035629-A1
US-2013284748-A1,US-2008284152-A1
US-2013284748-A1,US-2013292387-A1
US-2013284748-A1,
US-2013285560-A1,US-2004233153-A1
US-2013285560-A1,US-8170621-B1
US-2013285560-A1,US-8982034-B2
US-2013285866-A1,US-4290071-A
US-2013285866-A1,US-2004070548-A1
US-2013285866-A1,US-2005162328-A1
US-2013285866-A1,US-2006044200-A1
US-2013285866-A1,US-2007229357-A1
US-2013285866-A1,US-2009174557-A1
US-2013285866-A1,US-2010220027-A1
US-2013285866-A1,US-2011187616-A1
US-2013288559-A1,US-2511025-A
US-2013288559-A1,US-5045112-A
US-2013288559-A1,US-6612893-B2
US-2013288559-A1,US-2010330866-A1
US-2013288559-A1,US-7997526-B2
US-2013288588-A1,US-5471099-A
US-2013288588-A1,US-7426109-B2
US-2013288588-A1,US-2008232974-A1
US-2013288588-A1,US-8374731-B1
US-2013288946-A1,US-2007010680-A1
US-2013290628-A1,US-2010023565-A1
US-2013290628-A1,US-2013132638-A1
US-2013290628-A1,US-2013132674-A1
US-2013290628-A1,US-2013238832-A1
US-2013292070-A1,US-5964983-A
US-2013292131-A1,US-3894640-A
US-2013292131-A1,US-4069785-A
US-2013292131-A1,WO-9718987-A1
US-2013292131-A1,US-6155193-A
US-2013292131-A1,US-6321675-B1
US-2013292131-A1,US-6503022-B1
US-2013292131-A1,KR-20090034068-A
US-2013292131-A1,US-2009223660-A1
US-2013292131-A1,US-7628225-B2
US-2013294189-A1,US-5591328-A
US-2013294189-A1,US-6602467-B1
US-2013294189-A1,US-6676900-B1
US-2013299601-A1,US-4561591-A
US-2013299601-A1,US-2004158381-A1
US-2013299931-A1,US-2003032260-A1
US-2013299931-A1,US-2004021939-A1
US-2013299931-A1,US-2005122417-A1
US-2013299931-A1,US-2009189235-A1
US-2013299931-A1,US-2009251573-A1
US-2013299931-A1,US-2009283909-A1
US-2013299931-A1,US-2010304520-A1
US-2013301464-A1,US-2003218995-A1
US-2013301464-A1,US-6978138-B2
US-2013301464-A1,US-2008014941-A1
US-2013301464-A1,US-2008233955-A1
US-2013301464-A1,US-7535846-B2
US-2013301464-A1,US-2009274086-A1
US-2013301464-A1,US-2010056178-A1
US-2013301464-A1,US-2010120429-A1
US-2013301464-A1,US-2011117911-A1
US-2013301464-A1,US-7970399-B2
US-2013301464-A1,US-2012014258-A1
US-2013301464-A1,US-8798666-B2
US-2013301852-A1,US-8965019-B2
US-2013301852-A1,US-8965020-B2
US-2013301876-A1,US-5657402-A
US-2013301876-A1,US-2004223058-A1
US-2013301876-A1,US-7015954-B1
US-2013302472-A1,US-2436505-A
US-2013302472-A1,EP-0111188-A1
US-2013302472-A1,US-4921713-A
US-2013302472-A1,CN-2154641-Y
US-2013302472-A1,RU-2136561-C1
US-2013302472-A1,US-6109538-A
US-2013302472-A1,US-2005142252-A1
US-2013302472-A1,HU-3175-U
US-2013302472-A1,WO-2008055296-A1
US-2013302472-A1,WO-2008062241-A1
US-2013302472-A1,US-2008197141-A1
US-2013302472-A1,US-2009041904-A1
US-2013302472-A1,WO-2010050647-A1
US-2013302472-A1,
US-2013303159-A1,US-2007006304-A1
US-2013303159-A1,US-2010082513-A1
US-2013303159-A1,US-2011161452-A1
US-2013303159-A1,US-2012096539-A1
US-2013303159-A1,US-2012167218-A1
US-2013303159-A1,US-2013167231-A1
US-2013303159-A1,
US-2013305146-A1,US-2002165873-A1
US-2013305146-A1,US-6763373-B2
US-2013305146-A1,US-6798907-B1
US-2013305146-A1,US-2004199877-A1
US-2013305146-A1,US-2008178297-A1
US-2013305146-A1,US-2010030580-A1
US-2013305146-A1,US-2011060981-A1
US-2013305146-A1,US-2011230215-A1
US-2013305146-A1,US-2013222381-A1
US-2013305986-A1,US-5435464-A
US-2013305986-A1,US-5769284-A
US-2013305986-A1,US-5919520-A
US-2013305986-A1,US-6055035-A
US-2013305986-A1,US-2002092559-A1
US-2013305986-A1,US-2003218030-A1
US-2013305986-A1,US-2005133626-A1
US-2013305986-A1,US-2006141130-A1
US-2013306799-A1,US-5153407-A
US-2013306799-A1,US-6655637-B1
US-2013306799-A1,US-2006048667-A1
US-2013306799-A1,US-7506841-B2
US-2013306799-A1,US-2011210208-A1
US-2013306799-A1,US-2013082146-A1
US-2013306799-A1,US-8469314-B2
US-2013306799-A1,US-8485475-B2
US-2013306799-A1,US-8579235-B2
US-2013306849-A1,US-6674066-B1
US-2013306849-A1,US-2008212066-A1
US-2013306849-A1,US-2009095892-A1
US-2013306849-A1,US-2009321621-A1
US-2013309689-A1,US-2008193915-A1
US-2013309689-A1,US-2010178710-A1
US-2013309689-A1,
US-2013311189-A1,US-5327521-A
US-2013311189-A1,US-5750912-A
US-2013311189-A1,US-2003159568-A1
US-2013311189-A1,US-6836761-B1
US-2013311189-A1,US-2005049875-A1
US-2013311189-A1,US-7135636-B2
US-2013311189-A1,US-2009089063-A1
US-2013311189-A1,US-7580839-B2
US-2013311189-A1,US-2011125493-A1
US-2013311189-A1,US-8010362-B2
US-2013311189-A1,US-8234110-B2
US-2013311189-A1,US-2012253781-A1
US-2013311189-A1,US-2013151256-A1
US-2013311402-A1,US-2014136294-A1
US-2013311402-A1,
US-2013313708-A1,US-6127724-A
US-2013313708-A1,US-2002125584-A1
US-2013314633-A1,US-5920083-A
US-2013314633-A1,US-2003218704-A1
US-2013314633-A1,US-2004109106-A1
US-2013314633-A1,US-6849877-B2
US-2013314633-A1,US-2006072047-A1
US-2013314633-A1,US-2006132461-A1
US-2013314633-A1,US-2006255719-A1
US-2013314633-A1,US-7239361-B2
US-2013314633-A1,US-2008272375-A1
US-2013314633-A1,US-2012013700-A1
US-2013314633-A1,US-2012273721-A1
US-2013314633-A1,US-8987718-B2
US-2013314633-A1,US-9236577-B2
US-2013314633-A1,
US-2013315314-A1,US-6360015-B1
US-2013315314-A1,US-2007146380-A1
US-2013318169-A1,US-2008046828-A1
US-2013318169-A1,US-2010318921-A1
US-2013318169-A1,JP-2011028675-A
US-2013318169-A1,JP-2012014370-A
US-2013318169-A1,US-2013124956-A1
US-2013318922-A1,US-2588695-A
US-2013318922-A1,US-2883044-A
US-2013318922-A1,US-3214080-A
US-2013318922-A1,US-5913606-A
US-2013318922-A1,US-5989692-A
US-2013318922-A1,US-6308875-B1
US-2013318922-A1,US-6371642-B1
US-2013318922-A1,US-2002056380-A1
US-2013318922-A1,US-2009045095-A1
US-2013318922-A1,US-2010200450-A1
US-2013318922-A1,US-2010270198-A1
US-2013318922-A1,US-8371448-B1
US-2013318922-A1,US-2013114915-A1
US-2013318922-A1,US-8454236-B2
US-2013318922-A1,US-8807600-B2
US-2013318922-A1,US-8938898-B2
US-2013318922-A1,US-2016196770-A1
US-2013319577-A1,US-4447225-A
US-2013319577-A1,US-5295967-A
US-2013319577-A1,US-5329976-A
US-2013319577-A1,US-2004149349-A1
US-2013319577-A1,US-2006106360-A1
US-2013319577-A1,US-2006184103-A1
US-2013319577-A1,US-2007079894-A1
US-2013319577-A1,US-2008172024-A1
US-2013319577-A1,US-2008249498-A1
US-2013319577-A1,US-2009243283-A1
US-2013319577-A1,US-2010298768-A1
US-2013319577-A1,US-2011282316-A1
US-2013319577-A1,US-8360114-B2
US-2013320033-A1,US-4398550-A
US-2013320033-A1,US-4997405-A
US-2013320033-A1,US-5219095-A
US-2013320033-A1,US-6390736-B2
US-2013320033-A1,US-7392111-B2
US-2013320033-A1,US-7896195-B2
US-2013323611-A1,US-2001028977-A1
US-2013323611-A1,US-2012282508-A1
US-2013323611-A1,US-8889300-B2
US-2013325157-A1,US-2003208392-A1
US-2013325157-A1,US-2003233262-A1
US-2013325157-A1,US-6701201-B2
US-2013325157-A1,US-2005177465-A1
US-2013325157-A1,US-2005256597-A1
US-2013325157-A1,US-2007050233-A1
US-2013325157-A1,US-2007288111-A1
US-2013325157-A1,US-7373212-B2
US-2013325157-A1,US-7426418-B2
US-2013325157-A1,US-2009157474-A1
US-2013325157-A1,US-7606743-B2
US-2013325157-A1,US-2009307026-A1
US-2013325157-A1,US-2010332007-A1
US-2013325157-A1,US-8565924-B2
US-2013325157-A1,
US-2013325717-A1,US-5060153-A
US-2013325717-A1,US-2001002468-A1
US-2013325717-A1,US-2002032656-A1
US-2013325717-A1,US-2002184103-A1
US-2013325717-A1,US-6507823-B1
US-2013325717-A1,US-6947902-B2
US-2013325717-A1,US-8020757-B2
US-2013325717-A1,US-8301565-B2
US-2013325717-A1,
US-2013327170-A1,US-3596535-A
US-2013327170-A1,US-2007221427-A1
US-2013327170-A1,US-7607505-B2
US-2013327170-A1,US-2011017015-A1
US-2013327170-A1,US-2011087410-A1
US-2013327170-A1,US-2014011631-A1
US-2013328150-A1,US-3945028-A
US-2013328150-A1,US-8497167-B1
US-2013328150-A1,US-2013200488-A1
US-2013328150-A1,US-2014131764-A1
US-2013328150-A1,
US-2013328903-A1,US-6654022-B1
US-2013328903-A1,US-6744438-B1
US-2013328903-A1,US-7616209-B1
US-2013328903-A1,US-2011221743-A1
US-2013328903-A1,US-2011261061-A1
US-2013328903-A1,US-2013232304-A1
US-2013329473-A1,US-5612580-A
US-2013329473-A1,US-5661645-A
US-2013329473-A1,US-2007171688-A1
US-2013329473-A1,US-7345857-B2
US-2013329473-A1,US-7515444-B2
US-2013329473-A1,US-8233301-B1
US-2013329473-A1,US-8345400-B2
US-2013329473-A1,US-2014266102-A1
US-2013331556-A1,
US-2013332682-A1,US-7332929-B1
US-2013332682-A1,US-2008252481-A1
US-2013332682-A1,US-2010014748-A1
US-2013333357-A1,US-6241044-B1
US-2013333357-A1,US-2003051449-A1
US-2013333357-A1,US-2007039316-A1
US-2013333357-A1,US-2008264048-A1
US-2013333357-A1,US-2008307780-A1
US-2013333357-A1,US-2010107612-A1
US-2013333357-A1,US-2010107613-A1
US-2013333357-A1,US-2011023472-A1
US-2013333357-A1,US-2011047963-A1
US-2013333357-A1,US-2011120104-A1
US-2013333357-A1,US-2011138794-A1
US-2013333357-A1,US-2011167807-A1
US-2013333357-A1,US-2011167808-A1
US-2013333771-A1,US-3342207-A
US-2013333771-A1,US-3789865-A
US-2013333771-A1,US-6502607-B2
US-2013333771-A1,US-7152638-B2
US-2013333771-A1,WO-2008125266-A1
US-2013333771-A1,US-7584766-B2
US-2013333771-A1,US-2010078050-A1
US-2013333958-A1,US-6573745-B2
US-2013333958-A1,US-7140461-B2
US-2013333958-A1,US-2007080236-A1
US-2013333958-A1,US-2007102209-A1
US-2013333958-A1,WO-2008048477-A2
US-2013333958-A1,US-2010250039-A1
US-2013333958-A1,US-2010252343-A1
US-2013333958-A1,US-2010305795-A1
US-2013333958-A1,US-2010307845-A1
US-2013333958-A1,WO-2010143628-A1
US-2013333958-A1,EP-2270285-A2
US-2013333958-A1,US-2011000722-A1
US-2013333958-A1,US-2011036658-A1
US-2013333958-A1,US-2011237387-A1
US-2013333958-A1,US-2011239659-A1
US-2013333958-A1,US-2011281679-A1
US-2013333958-A1,US-8083016-B2
US-2013333958-A1,US-2012082536-A1
US-2013333958-A1,US-8286741-B2
US-2013333958-A1,US-8567549-B2
US-2013333958-A1,US-8746379-B2
US-2013333958-A1,US-8768578-B2
US-2013334585-A1,US-2010171163-A1
US-2013334585-A1,US-2011233646-A1
US-2013334585-A1,US-2012119287-A1
US-2013336154-A1,US-2009086861-A1
US-2013336154-A1,US-2010272086-A1
US-2013336154-A1,US-2011110254-A1
US-2013336154-A1,US-2011136525-A1
US-2013336154-A1,US-2011250913-A1
US-2013336154-A1,US-2012115469-A1
US-2013336154-A1,US-2012155362-A1
US-2013336154-A1,US-2012329498-A1
US-2013336154-A1,US-2013028109-A1
US-2013336154-A1,US-2013265901-A1
US-2013336154-A1,US-2014024388-A1
US-2013336154-A1,US-2014031036-A1
US-2013339393-A1,US-6141731-A
US-2013339393-A1,US-2003140308-A1
US-2013339393-A1,US-2005198303-A1
US-2013339393-A1,US-7143340-B2
US-2013339393-A1,US-2007067575-A1
US-2013339393-A1,US-2007288224-A1
US-2013339393-A1,US-2008040318-A1
US-2013339393-A1,US-7379934-B1
US-2013339393-A1,US-2008133456-A1
US-2013339393-A1,US-2008208855-A1
US-2013339393-A1,US-2008319958-A1
US-2013339393-A1,US-7523090-B1
US-2013339393-A1,US-7594075-B2
US-2013339393-A1,US-7805711-B2
US-2013339393-A1,US-2010306249-A1
US-2013339393-A1,US-8087066-B2
US-2013339393-A1,US-8091021-B2
US-2013339393-A1,US-8150882-B2
US-2013339393-A1,US-8161374-B2
US-2013339393-A1,US-2012158723-A1
US-2013339393-A1,US-8352516-B2
US-2013339393-A1,US-8447782-B1
US-2013339393-A1,US-8495177-B2
US-2013339393-A1,US-2013262443-A1
US-2013339393-A1,US-8606804-B2
US-2013339393-A1,US-8756601-B2
US-2013339393-A1,US-8756169-B2
US-2013339393-A1,US-8782081-B2
US-2013339393-A1,US-8903806-B2
US-2013339393-A1,US-8943076-B2
US-2013339393-A1,US-8983995-B2
US-2013339393-A1,US-2015088813-A1
US-2013339393-A1,US-8996504-B2
US-2013339393-A1,US-9098476-B2
US-2013339393-A1,US-9128945-B1
US-2013339393-A1,US-9135299-B2
US-2013339393-A1,US-9146916-B2
US-2013339393-A1,US-9448944-B2
US-2013340018-A1,US-2008248779-A1
US-2013340018-A1,US-2009138805-A1
US-2013340018-A1,US-2011064281-A1
US-2013340018-A1,US-2011296339-A1
US-2013340018-A1,US-2013033611-A1
US-2013340018-A1,US-2014062926-A1
US-2013340672-A1,US-2007234946-A1
US-2013340672-A1,US-2011209659-A1
US-2013340975-A1,US-2428876-A
US-2013340975-A1,US-2584573-A
US-2013340975-A1,US-2656157-A
US-2013340975-A1,US-2933885-A
US-2013340975-A1,US-3062510-A
US-2013340975-A1,US-3153446-A
US-2013340975-A1,US-3163209-A
US-2013340975-A1,US-3653221-A
US-2013340975-A1,US-4049046-A
US-2013340975-A1,US-4050626-A
US-2013340975-A1,US-4054980-A
US-2013340975-A1,US-4091863-A
US-2013340975-A1,US-4111259-A
US-2013340975-A1,US-4265219-A
US-2013340975-A1,US-4280333-A
US-2013340975-A1,US-4294078-A
US-2013340975-A1,US-4403645-A
US-2013340975-A1,EP-0090429-A2
US-2013340975-A1,US-4448039-A
US-2013340975-A1,US-4519218-A
US-2013340975-A1,US-4523437-A
US-2013340975-A1,US-4545365-A
US-2013340975-A1,US-4674476-A
US-2013340975-A1,US-4757690-A
US-2013340975-A1,US-4827735-A
US-2013340975-A1,US-4909318-A
US-2013340975-A1,US-5005368-A
US-2013340975-A1,US-5056320-A
US-2013340975-A1,US-5228504-A
US-2013340975-A1,JP-H05203202-A
US-2013340975-A1,US-5372011-A
US-2013340975-A1,US-5871041-A
US-2013340975-A1,US-5944089-A
US-2013340975-A1,US-6101837-A
US-2013340975-A1,JP-2000279944-A
US-2013340975-A1,US-6158499-A
US-2013340975-A1,US-6371198-B1
US-2013340975-A1,US-7134483-B2
US-2013340975-A1,US-2009277203-A1
US-2013340975-A1,US-2010011794-A1
US-2013340975-A1,US-7905110-B2
US-2013340975-A1,US-7971437-B2
US-2013340975-A1,US-2011278307-A1
US-2013340975-A1,US-2012152232-A1
US-2013340975-A1,US-2012152514-A1
US-2013340975-A1,US-2012227926-A1
US-2013340975-A1,US-2014190195-A1
US-2013340975-A1,US-9506701-B2
US-2013340975-A1,
US-2013343701-A1,US-6266464-B1
US-2013343701-A1,US-2004028369-A1
US-2013343701-A1,US-2005047785-A1
US-2013343701-A1,US-6934429-B2
US-2013343701-A1,US-2010266283-A1
US-2013344413-A1,US-4482641-A
US-2013344413-A1,US-5318797-A
US-2013344413-A1,US-6103393-A
US-2013344413-A1,US-2001054769-A1
US-2013344413-A1,US-2002127170-A1
US-2013344413-A1,US-6635348-B1
US-2013344413-A1,US-6660680-B1
US-2013344413-A1,US-2005079349-A1
US-2013344413-A1,US-6906000-B1
US-2013344413-A1,US-6967183-B2
US-2013344413-A1,US-7053021-B1
US-2013344413-A1,US-2006193978-A1
US-2013344413-A1,WO-2008070482-A2
US-2013344413-A1,US-7935655-B2
US-2013344413-A1,US-2013273246-A1
US-2013344413-A1,US-8648004-B2
US-2013344413-A1,US-2014087939-A1
US-2013344857-A1,US-2011294472-A1
US-2013346066-A1,US-6574597-B1
US-2014002705-A1,US-6963370-B2
US-2014002705-A1,US-2005253945-A1
US-2014002705-A1,US-7394492-B2
US-2014002705-A1,US-2008258045-A1
US-2014002705-A1,US-2012086826-A1
US-2014002705-A1,US-8350942-B2
US-2014002705-A1,US-8773562-B1
US-2014002705-A1,US-2014247378-A1
US-2014002724-A1,US-2038409-A
US-2014002724-A1,US-5491525-A
US-2014002724-A1,US-2004032739-A1
US-2014004322-A1,US-1922228-A
US-2014004322-A1,US-2604642-A
US-2014004322-A1,US-2775998-A
US-2014004322-A1,US-2815515-A
US-2014004322-A1,US-3020186-A
US-2014004322-A1,US-3310819-A
US-2014004322-A1,US-3876493-A
US-2014004322-A1,US-4194255-A
US-2014004322-A1,US-4513449-A
US-2014004322-A1,US-4538301-A
US-2014004322-A1,US-4600623-A
US-2014004322-A1,US-4686724-A
US-2014004322-A1,US-5325537-A
US-2014004322-A1,US-5360653-A
US-2014004322-A1,US-5766720-A
US-2014004322-A1,US-5836027-A
US-2014004322-A1,US-6018832-A
US-2014004322-A1,US-6347423-B1
US-2014004322-A1,US-6519781-B1
US-2014004322-A1,US-2010206472-A1
US-2014004322-A1,US-8231756-B2
US-2014004353-A1,US-7537839-B1
US-2014004353-A1,US-2012059083-A1
US-2014005532-A1,US-2010280534-A1
US-2014005532-A1,
US-2014005701-A1,US-5704534-A
US-2014005701-A1,US-2002165541-A1
US-2014005701-A1,US-2006058825-A1
US-2014005701-A1,US-2007173871-A1
US-2014006076-A1,US-2008167937-A1
US-2014006076-A1,US-2009063242-A1
US-2014006076-A1,US-2010306019-A1
US-2014006076-A1,US-2011015963-A1
US-2014006076-A1,US-8065175-B1
US-2014006076-A1,US-8112299-B2
US-2014006076-A1,US-8185426-B1
US-2014006076-A1,
US-2014007891-A1,US-2011011396-A1
US-2014007891-A1,US-2011089892-A1
US-2014007891-A1,US-2011303231-A1
US-2014007891-A1,US-2011304282-A1
US-2014007891-A1,KR-20120057459-A
US-2014007891-A1,
US-2014008756-A1,US-2011169065-A1
US-2014008756-A1,US-2012139080-A1
US-2014008756-A1,US-2012181665-A1
US-2014009214-A1,US-2010060377-A1
US-2014009214-A1,US-2011025403-A1
US-2014009214-A1,US-7910993-B2
US-2014009214-A1,WO-2011045442-A2
US-2014009214-A1,US-2011148501-A1
US-2014009214-A1,US-2013009725-A1
US-2014009329-A1,US-5990843-A
US-2014009329-A1,US-6462718-B1
US-2014009329-A1,US-6531992-B1
US-2014009329-A1,US-7183966-B1
US-2014009329-A1,US-2008084357-A1
US-2014009329-A1,US-7663565-B2
US-2014009329-A1,US-7671785-B1
US-2014009329-A1,US-7719458-B1
US-2014009329-A1,US-7760129-B1
US-2014009329-A1,US-7791553-B2
US-2014009329-A1,US-7852274-B2
US-2014009329-A1,US-2011291878-A1
US-2014009329-A1,US-8235324-B1
US-2014011719-A1,JP-H03200897-A
US-2014012635-A1,US-6081793-A
US-2014012635-A1,WO-0122200-A2
US-2014012635-A1,US-2008035728-A1
US-2014012635-A1,US-2008135632-A1
US-2014012635-A1,US-2008256119-A1
US-2014012635-A1,US-2009037260-A1
US-2014012635-A1,US-2009032591-A1
US-2014012635-A1,US-2009152350-A1
US-2014012635-A1,US-2009166417-A1
US-2014012635-A1,US-2012261470-A1
US-2014012635-A1,
US-2014015173-A1,US-2003232248-A1
US-2014015173-A1,US-2006014077-A1
US-2014015173-A1,US-2006073388-A1
US-2014015173-A1,US-2006141361-A1
US-2014021806-A1,US-4827163-A
US-2014021806-A1,US-4937481-A
US-2014021806-A1,US-4945269-A
US-2014021806-A1,US-6538349-B1
US-2014021806-A1,US-2007108850-A1
US-2014021806-A1,US-7242118-B2
US-2014021806-A1,US-7474018-B2
US-2014022623-A1,EP-1198016-A2
US-2014022623-A1,US-2002187571-A1
US-2014022623-A1,US-2007158668-A1
US-2014022623-A1,US-2010155748-A1
US-2014022623-A1,US-2011273085-A1
US-2014023484-A1,US-3459979-A
US-2014023484-A1,US-6798104-B2
US-2014023484-A1,US-2008024020-A1
US-2014023484-A1,US-8487489-B2
US-2014024686-A1,
US-2014025421-A1,US-2002120548-A1
US-2014025421-A1,US-2008201196-A1
US-2014025421-A1,US-2009055207-A1
US-2014025421-A1,US-2009112727-A1
US-2014025421-A1,US-2011191222-A1
US-2014026132-A1,US-2008077917-A1
US-2014026132-A1,US-2008163211-A1
US-2014026132-A1,US-2009089815-A1
US-2014026132-A1,US-2010332635-A1
US-2014026132-A1,US-2012011397-A1
US-2014026135-A1,US-8549272-B2
US-2014027559-A1,US-5725321-A
US-2014027559-A1,US-6106175-A
US-2014027559-A1,US-7823825-B2
US-2014027559-A1,US-8568046-B2
US-2014030487-A1,US-2008125510-A1
US-2014030487-A1,US-2008157235-A1
US-2014030487-A1,US-2012319329-A1
US-2014030487-A1,
US-2014031167-A1,US-1981582-A
US-2014031167-A1,US-2466964-A
US-2014031167-A1,US-3033048-A
US-2014031167-A1,US-3380312-A
US-2014031167-A1,US-3388607-A
US-2014031167-A1,US-3411370-A
US-2014031167-A1,US-4557155-A
US-2014031167-A1,US-4841792-A
US-2014031167-A1,US-5263377-A
US-2014031167-A1,US-5931759-A
US-2014031167-A1,US-7118512-B2
US-2014031167-A1,US-7153230-B2
US-2014031167-A1,US-7264567-B2
US-2014031167-A1,US-7367916-B2
US-2014031167-A1,US-7575535-B2
US-2014031167-A1,US-8075444-B2
US-2014031167-A1,US-8147369-B2
US-2014031167-A1,US-8683885-B2
US-2014031167-A1,US-8903613-B2
US-2014037403-A1,
US-2014038466-A1,US-4159861-A
US-2014038466-A1,US-4862400-A
US-2014038466-A1,US-5160273-A
US-2014038466-A1,US-5716227-A
US-2014038466-A1,US-6159052-A
US-2014038466-A1,US-2008106266-A1
US-2014038466-A1,US-7758368-B2
US-2014038466-A1,US-7789698-B2
US-2014039254-A1,US-5749830-A
US-2014039254-A1,US-2002165432-A1
US-2014039254-A1,US-2005165279-A1
US-2014039254-A1,US-2008234546-A1
US-2014039254-A1,US-2009287051-A1
US-2014040290-A1,US-6295391-B1
US-2014040290-A1,US-2009254839-A1
US-2014040290-A1,CN-103118176-A
US-2014040290-A1,
US-2014042131-A1,US-4806735-A
US-2014042131-A1,US-5446257-A
US-2014042131-A1,US-5591360-A
US-2014042131-A1,US-5866870-A
US-2014042131-A1,US-5958261-A
US-2014042131-A1,US-5977504-A
US-2014042131-A1,US-2003106882-A1
US-2014042131-A1,US-6596969-B1
US-2014042131-A1,US-7408130-B2
US-2014042131-A1,US-2009078689-A1
US-2014042131-A1,US-2009173768-A1
US-2014042131-A1,US-2010264199-A1
US-2014042131-A1,US-2010326969-A1
US-2014042131-A1,US-7897267-B2
US-2014042131-A1,US-2012061354-A1
US-2014042131-A1,US-8481885-B2
US-2014042202-A1,JP-2010229005-A
US-2014042202-A1,US-2011095062-A1
US-2014042202-A1,US-2011226832-A1
US-2014042202-A1,JP-2012020902-A
US-2014042202-A1,US-8844782-B2
US-2014042544-A1,US-5629545-A
US-2014042544-A1,US-6066879-A
US-2014042544-A1,US-2002149059-A1
US-2014042544-A1,US-2006033163-A1
US-2014042544-A1,US-7154150-B2
US-2014042544-A1,US-7355252-B2
US-2014042544-A1,US-2010078709-A1
US-2014042544-A1,US-8507981-B2
US-2014043664-A1,US-5223905-A
US-2014043664-A1,US-2005191065-A1
US-2014043664-A1,US-2006072139-A1
US-2014043664-A1,US-7167770-B1
US-2014043664-A1,US-2008174061-A1
US-2014043664-A1,US-2009297201-A1
US-2014043664-A1,US-2009317095-A1
US-2014043664-A1,US-2010066795-A1
US-2014043664-A1,US-2010073449-A1
US-2014043664-A1,US-2010073724-A1
US-2014043664-A1,US-2010111546-A1
US-2014043664-A1,US-2010245859-A1
US-2014043664-A1,US-2010247115-A1
US-2014043664-A1,US-2011279849-A1
US-2014043664-A1,US-2012262765-A1
US-2014043664-A1,US-2013195482-A1
US-2014043664-A1,US-8760678-B2
US-2014043744-A1,US-5196993-A
US-2014043744-A1,US-5510953-A
US-2014043744-A1,US-5546334-A
US-2014043744-A1,US-5574625-A
US-2014043744-A1,US-5576929-A
US-2014043744-A1,US-5608611-A
US-2014043744-A1,US-5715139-A
US-2014043744-A1,US-6064564-A
US-2014043744-A1,US-6111746-A
US-2014043744-A1,US-6198626-B1
US-2014043744-A1,US-2001015005-A1
US-2014043744-A1,US-2002085338-A1
US-2014043744-A1,US-6459591-B2
US-2014043744-A1,US-6480397-B1
US-2014043744-A1,US-2003021082-A1
US-2014043744-A1,US-6560119-B1
US-2014043744-A1,US-6574096-B1
US-2014043744-A1,US-6595786-B2
US-2014043744-A1,US-2004160738-A1
US-2014043744-A1,US-2004246669-A1
US-2014043744-A1,US-2005023022-A1
US-2014043744-A1,US-7075785-B2
US-2014043744-A1,US-2006176659-A1
US-2014043744-A1,US-7136279-B2
US-2014043744-A1,US-2006268502-A1
US-2014043744-A1,US-7265969-B2
US-2014043744-A1,US-2007230101-A1
US-2014043744-A1,US-2008019085-A1
US-2014043744-A1,US-2008037771-A1
US-2014043744-A1,US-7382612-B2
US-2014043744-A1,US-2008259540-A1
US-2014043744-A1,US-2008259537-A1
US-2014043744-A1,US-7612997-B1
US-2014043744-A1,US-2010039761-A1
US-2014043744-A1,US-2010277858-A1
US-2014043744-A1,US-7930011-B2
US-2014043744-A1,US-8050020-B2
US-2014043744-A1,US-8286789-B2
US-2014043744-A1,US-8687359-B2
US-2014048301-A1,US-5902080-A
US-2014048301-A1,US-5918685-A
US-2014048301-A1,US-6350087-B1
US-2014048301-A1,US-2006151189-A1
US-2014049756-A1,US-2003223049-A1
US-2014049756-A1,US-2009027629-A1
US-2014049756-A1,US-2009278999-A1
US-2014049756-A1,US-2010165168-A1
US-2014049756-A1,US-2011025982-A1
US-2014049756-A1,US-2012105813-A1
US-2014050714-A1,
US-2014052127-A1,US-2006161206-A1
US-2014053135-A1,US-6149318-A
US-2014053135-A1,US-2003131285-A1
US-2014053135-A1,US-2003131284-A1
US-2014053135-A1,US-2004060044-A1
US-2014053135-A1,US-2007006041-A1
US-2014053135-A1,US-2007061191-A1
US-2014053135-A1,US-7506312-B1
US-2014053135-A1,US-2009089755-A1
US-2014053135-A1,US-2010037035-A1
US-2014053135-A1,US-2011041120-A1
US-2014053135-A1,US-2011067005-A1
US-2014053135-A1,
US-2014053495-A1,US-617458-A
US-2014053495-A1,US-659416-A
US-2014053495-A1,US-2022363-A
US-2014053495-A1,US-3342003-A
US-2014053495-A1,US-3660215-A
US-2014053495-A1,US-3672022-A
US-2014053495-A1,US-3991536-A
US-2014053495-A1,US-4539787-A
US-2014053495-A1,US-2005055953-A1
US-2014053495-A1,US-2007119106-A1
US-2014053495-A1,US-2007175145-A1
US-2014053495-A1,US-7287356-B2
US-2014054378-A1,US-6788338-B1
US-2014054378-A1,US-2007132651-A1
US-2014054378-A1,US-2012169552-A1
US-2014054378-A1,US-2013229262-A1
US-2014054378-A1,US-8717246-B2
US-2014055447-A1,US-2002154820-A1
US-2014055447-A1,US-2006158730-A1
US-2014055447-A1,US-2008192819-A1
US-2014055447-A1,US-2008252718-A1
US-2014055447-A1,US-2009096983-A1
US-2014055447-A1,US-2012092456-A1
US-2014055447-A1,US-2012183210-A1
US-2014055447-A1,US-2012269275-A1
US-2014055447-A1,US-2012308115-A1
US-2014055447-A1,US-2013208014-A1
US-2014055447-A1,
US-2014055594-A1,US-3657473-A
US-2014055594-A1,US-2011182529-A1
US-2014055594-A1,
US-2014056441-A1,US-5788336-A
US-2014056593-A1,US-5793987-A
US-2014056593-A1,US-2004105144-A1
US-2014056593-A1,US-6903864-B1
US-2014056593-A1,US-2005244165-A1
US-2014056593-A1,US-2006147215-A1
US-2014056593-A1,US-2006277346-A1
US-2014056593-A1,US-7301973-B2
US-2014056593-A1,US-2007274350-A1
US-2014056593-A1,US-2008131128-A1
US-2014056593-A1,US-2008205901-A1
US-2014056593-A1,US-7471897-B1
US-2014056593-A1,US-2009154930-A1
US-2014056593-A1,US-2009169206-A1
US-2014056593-A1,US-2009175626-A1
US-2014056593-A1,US-2009175289-A1
US-2014056593-A1,US-7580637-B2
US-2014056593-A1,US-2009226138-A1
US-2014056593-A1,US-2009237129-A1
US-2014056593-A1,US-2010037008-A1
US-2014056593-A1,US-2010061069-A1
US-2014056593-A1,US-2010067854-A1
US-2014056593-A1,US-7734183-B2
US-2014056593-A1,US-2011135312-A1
US-2014056593-A1,US-2011182191-A1
US-2014056593-A1,US-2011229129-A1
US-2014056593-A1,US-8055130-B2
US-2014056593-A1,US-8167505-B2
US-2014056593-A1,US-8200097-B2
US-2014056593-A1,US-8300659-B2
US-2014056593-A1,US-8494362-B2
US-2014056593-A1,US-2013243431-A1
US-2014056593-A1,US-8606103-B2
US-2014056593-A1,US-8620156-B2
US-2014056593-A1,US-8649271-B2
US-2014057590-A1,US-2005197096-A1
US-2014057590-A1,US-2009182700-A1
US-2014057590-A1,US-2010003958-A1
US-2014057590-A1,US-2012210271-A1
US-2014057590-A1,US-8600668-B2
US-2014057590-A1,US-8862092-B2
US-2014057602-A1,US-2007237086-A1
US-2014058605-A1,US-2004070270-A1
US-2014058605-A1,US-2008297073-A1
US-2014058849-A1,US-2003195832-A1
US-2014058849-A1,US-2003225677-A1
US-2014058849-A1,US-2006242017-A1
US-2014058849-A1,US-2006294084-A1
US-2014058849-A1,US-2010145809-A1
US-2014058849-A1,US-2011184802-A1
US-2014058849-A1,US-2012158522-A1
US-2014058849-A1,US-2012179549-A1
US-2014058849-A1,US-2013097028-A1
US-2014060259-A1,US-4211127-A
US-2014060259-A1,US-6260448-B1
US-2014060259-A1,US-7114415-B1
US-2014066562-A1,US-6441081-B1
US-2014066562-A1,WO-2004039852-A1
US-2014066562-A1,US-8748547-B2
US-2014067544-A1,US-2004193425-A1
US-2014067544-A1,US-2007260520-A1
US-2014067544-A1,US-2008059256-A1
US-2014067544-A1,US-2008120254-A1
US-2014067544-A1,US-2010293057-A1
US-2014067544-A1,US-2012116867-A1
US-2014067544-A1,US-2012166282-A1
US-2014067544-A1,US-2012166290-A1
US-2014067544-A1,US-2012166871-A1
US-2014067544-A1,US-2013304569-A1
US-2014067773-A1,US-2005223089-A1
US-2014067773-A1,US-8000932-B2
US-2014068699-A1,
US-2014070647-A1,US-5770900-A
US-2014070647-A1,US-2001026103-A1
US-2014070647-A1,US-8222779-B2
US-2014070647-A1,US-8305180-B2
US-2014070647-A1,US-2014125160-A1
US-2014071459-A1,US-3837198-A
US-2014071459-A1,US-4343553-A
US-2014071459-A1,US-4452534-A
US-2014071459-A1,US-4895448-A
US-2014071459-A1,US-5105149-A
US-2014071459-A1,US-5243665-A
US-2014071459-A1,US-6377700-B1
US-2014071459-A1,US-6549289-B1
US-2014071459-A1,US-2003175024-A1
US-2014071459-A1,US-6987873-B1
US-2014071459-A1,US-7236256-B2
US-2014071459-A1,US-7447558-B2
US-2014071459-A1,US-7576845-B2
US-2014071459-A1,US-7630088-B2
US-2014071459-A1,US-2010328454-A1
US-2014071459-A1,US-7940385-B2
US-2014071459-A1,US-8197070-B2
US-2014071459-A1,US-8224064-B1
US-2014071459-A1,US-8538166-B2
US-2014071459-A1,US-2014071243-A1
US-2014071459-A1,US-2014152794-A1
US-2014072585-A1,WO-2006099308-A2
US-2014072585-A1,US-2009291062-A1
US-2014072585-A1,US-2014301977-A1
US-2014072585-A1,
US-2014075731-A1,US-2907553-A
US-2014075731-A1,US-5316247-A
US-2014075731-A1,US-5586584-A
US-2014075731-A1,US-6543750-B1
US-2014075731-A1,CA-2552013-A1
US-2014075731-A1,WO-2011055393-A1
US-2014075731-A1,US-8407875-B2
US-2014075731-A1,US-8490262-B2
US-2014075731-A1,US-8636266-B2
US-2014076090-A1,US-5161425-A
US-2014076090-A1,US-6182981-B1
US-2014076090-A1,US-6283484-B1
US-2014076090-A1,US-6401888-B1
US-2014076090-A1,US-6442797-B1
US-2014076090-A1,US-2006237935-A1
US-2014076108-A1,US-6397474-B1
US-2014076108-A1,US-6510610-B2
US-2014076108-A1,US-6640439-B2
US-2014076108-A1,US-6755109-B2
US-2014076108-A1,US-7984553-B1
US-2014076108-A1,US-2012192414-A1
US-2014076346-A1,US-2003152542-A1
US-2014076346-A1,US-2005196368-A1
US-2014076346-A1,US-2009291058-A1
US-2014076346-A1,EP-2213334-A1
US-2014076346-A1,US-2010254932-A1
US-2014076353-A1,
US-2014077245-A1,US-6614103-B1
US-2014077245-A1,US-2005218421-A1
US-2014077245-A1,US-2005269587-A1
US-2014077245-A1,US-2008117500-A1
US-2014077245-A1,US-2009050926-A1
US-2014077245-A1,US-7952115-B2
US-2014077245-A1,US-2011198653-A1
US-2014077245-A1,US-2011198632-A1
US-2014077245-A1,US-8237381-B2
US-2014077245-A1,US-9240530-B2
US-2014077315-A1,US-5151110-A
US-2014077315-A1,US-2004000713-A1
US-2014077315-A1,US-2006010964-A1
US-2014077315-A1,US-2007122314-A1
US-2014077395-A1,US-3663088-A
US-2014077395-A1,JP-S5491349-A
US-2014077395-A1,JP-S5856482-A
US-2014077395-A1,JP-S5895862-A
US-2014077395-A1,US-4460915-A
US-2014077395-A1,JP-S62174956-A
US-2014077395-A1,US-4808880-A
US-2014077395-A1,US-4829013-A
US-2014077395-A1,US-4864370-A
US-2014077395-A1,US-4971930-A
US-2014077395-A1,US-4998800-A
US-2014077395-A1,US-5051802-A
US-2014077395-A1,US-5087949-A
US-2014077395-A1,US-5238856-A
US-2014077395-A1,WO-9324956-A1
US-2014077395-A1,US-5367878-A
US-2014077395-A1,US-5399805-A
US-2014077395-A1,WO-9519645-A1
US-2014077395-A1,US-5499124-A
US-2014077395-A1,US-5547906-A
US-2014077395-A1,US-5567570-A
US-2014077395-A1,US-5623181-A
US-2014077395-A1,US-5652067-A
US-2014077395-A1,US-5686698-A
US-2014077395-A1,US-5973337-A
US-2014077395-A1,US-5998862-A
US-2014077395-A1,US-2004183185-A1
US-2014077395-A1,US-7408249-B2
US-2014077795-A1,US-4134106-A
US-2014077795-A1,US-5774074-A
US-2014077795-A1,US-2003169945-A1
US-2014077795-A1,US-2004007664-A1
US-2014077795-A1,US-2005220456-A1
US-2014077795-A1,US-2011049341-A1
US-2014077795-A1,US-2011122422-A1
US-2014077795-A1,US-2011147572-A1
US-2014077795-A1,US-2011298411-A1
US-2014077795-A1,US-2012041691-A1
US-2014077925-A1,US-5029216-A
US-2014077925-A1,US-2001016818-A1
US-2014077925-A1,US-2005046789-A1
US-2014077925-A1,US-2006003803-A1
US-2014077925-A1,US-2007160254-A1
US-2014077925-A1,US-2008151179-A1
US-2014077925-A1,US-7648326-B2
US-2014077925-A1,US-2010110368-A1
US-2014077925-A1,US-8543061-B2
US-2014078147-A1,US-4366508-A
US-2014078147-A1,US-5422658-A
US-2014078147-A1,US-5537256-A
US-2014078147-A1,US-5689283-A
US-2014078147-A1,US-2003132901-A1
US-2014078147-A1,US-6657603-B1
US-2014078147-A1,US-2004196253-A1
US-2014078147-A1,US-2007268541-A1
US-2014078147-A1,US-2012098853-A1
US-2014078147-A1,US-2013242210-A1
US-2014078686-A1,US-4475231-A
US-2014078686-A1,US-4546267-A
US-2014078686-A1,US-4680674-A
US-2014078686-A1,US-5949644-A
US-2014078686-A1,US-6038130-A
US-2014078686-A1,US-6661648-B2
US-2014078686-A1,US-2005151511-A1
US-2014078686-A1,US-2007035917-A1
US-2014078686-A1,US-2007279002-A1
US-2014078686-A1,US-2008212527-A1
US-2014078686-A1,US-2009058361-A1
US-2014078686-A1,US-2009100275-A1
US-2014078686-A1,US-2009096413-A1
US-2014078686-A1,US-2009212737-A1
US-2014078686-A1,US-2009236140-A1
US-2014078686-A1,US-2009284369-A1
US-2014078941-A1,US-2009285122-A1
US-2014078941-A1,US-2010165939-A1
US-2014078941-A1,US-2010238845-A1
US-2014078941-A1,US-2011002276-A1
US-2014078941-A1,US-2011211522-A1
US-2014078941-A1,US-2011310830-A1
US-2014078941-A1,US-2013315135-A1
US-2014078941-A1,US-8942202-B2
US-2014083030-A1,US-1921303-A
US-2014083030-A1,US-2175653-A
US-2014083030-A1,US-3158961-A
US-2014083030-A1,US-5568707-A
US-2014083030-A1,US-5797225-A
US-2014083030-A1,US-6192643-B1
US-2014083030-A1,US-2005178078-A1
US-2014083030-A1,US-2006000161-A1
US-2014083030-A1,US-2008040993-A1
US-2014083030-A1,US-7392623-B2
US-2014083030-A1,US-2010011683-A1
US-2014083030-A1,US-2010011682-A1
US-2014083030-A1,US-2010018138-A1
US-2014083030-A1,US-7836641-B2
US-2014083030-A1,US-7882664-B2
US-2014083030-A1,US-2012011787-A1
US-2014083030-A1,US-8191317-B2
US-2014083030-A1,US-2012174506-A1
US-2014083030-A1,US-8225560-B2
US-2014083149-A1,US-6490543-B1
US-2014083149-A1,US-6615103-B2
US-2014083149-A1,US-6922640-B2
US-2014083149-A1,US-7059166-B2
US-2014083149-A1,US-7143007-B2
US-2014083149-A1,US-8613210-B2
US-2014085339-A1,US-2008007648-A1
US-2014085339-A1,US-2010149216-A1
US-2014085339-A1,US-2010225669-A1
US-2014085339-A1,US-2012176396-A1
US-2014085339-A1,US-2013007603-A1
US-2014085339-A1,US-2013019183-A1
US-2014085848-A1,US-2004124961-A1
US-2014085848-A1,US-7268659-B2
US-2014085848-A1,US-2008143468-A1
US-2014085848-A1,US-2008303125-A1
US-2014085848-A1,US-2009008795-A1
US-2014085848-A1,US-7851257-B2
US-2014085848-A1,US-8283789-B2
US-2014086028-A1,US-3254396-A
US-2014087159-A1,US-5928793-A
US-2014087159-A1,US-6516634-B1
US-2014087159-A1,US-2011165393-A1
US-2014087159-A1,US-2012085130-A1
US-2014087159-A1,US-2012094084-A1
US-2014087159-A1,US-2012328843-A1
US-2014087159-A1,US-2013295357-A1
US-2014088908-A1,US-5507288-A
US-2014088908-A1,US-5507288-B1
US-2014088908-A1,US-2003134347-A1
US-2014088908-A1,US-2004111017-A1
US-2014088908-A1,US-2006281985-A1
US-2014088908-A1,US-2008086044-A1
US-2014088908-A1,US-7996158-B2
US-2014088908-A1,US-8583205-B2
US-2014088908-A1,US-8600681-B2
US-2014088908-A1,US-8834366-B2
US-2014090082-A1,US-2004128670-A1
US-2014090082-A1,US-2006045089-A1
US-2014090107-A1,US-5498831-A
US-2014090107-A1,
US-2014090268-A1,US-6161305-A
US-2014090552-A1,US-2380315-A
US-2014090552-A1,US-4029440-A
US-2014090552-A1,US-4680930-A
US-2014090552-A1,US-5651389-A
US-2014092673-A1,US-5469380-A
US-2014092673-A1,US-5535159-A
US-2014092673-A1,US-5539341-A
US-2014092673-A1,US-2007242498-A1
US-2014092673-A1,US-7411813-B2
US-2014092673-A1,US-2012250430-A1
US-2014092673-A1,US-8681534-B2
US-2014093071-A1,US-2011004762-A1
US-2014093071-A1,US-2011035787-A1
US-2014093071-A1,US-2011093919-A1
US-2014093071-A1,US-2011134869-A1
US-2014093071-A1,US-2011138447-A1
US-2014093071-A1,US-2011225632-A1
US-2014093071-A1,US-2012117251-A1
US-2014093071-A1,US-8621570-B2
US-2014093071-A1,
US-2014094872-A1,US-5507788-A
US-2014094872-A1,US-2010145221-A1
US-2014095250-A1,US-2003018500-A1
US-2014095250-A1,US-2004181417-A1
US-2014095250-A1,US-2006015380-A1
US-2014095250-A1,US-7363247-B1
US-2014095250-A1,US-2008167936-A1
US-2014095250-A1,US-2008250357-A1
US-2014095250-A1,US-2010010968-A1
US-2014095250-A1,US-2010185547-A1
US-2014095250-A1,US-2011282730-A1
US-2014095250-A1,US-2013041713-A1
US-2014095250-A1,US-2013060598-A1
US-2014095250-A1,US-2013179215-A1
US-2014096000-A1,US-2002083449-A1
US-2014096000-A1,US-2003200452-A1
US-2014096000-A1,US-2004076230-A1
US-2014096000-A1,US-2007053246-A1
US-2014096000-A1,US-2008189656-A1
US-2014096256-A1,US-2006271677-A1
US-2014096256-A1,US-2008046564-A1
US-2014096256-A1,US-2008209565-A2
US-2014096256-A1,US-2009220092-A1
US-2014096256-A1,US-2010131960-A1
US-2014096256-A1,
US-2014097922-A1,US-3986179-A
US-2014097922-A1,EP-1933337-A1
US-2014097922-A1,US-8685179-B2
US-2014097944-A1,US-2008204021-A1
US-2014100059-A1,US-2006178231-A1
US-2014100059-A1,US-2006252579-A1
US-2014100059-A1,US-2007265113-A1
US-2014100059-A1,US-2007281804-A1
US-2014100059-A1,US-2008312008-A1
US-2014100059-A1,US-2009036234-A1
US-2014100059-A1,US-2010151965-A1
US-2014100059-A1,US-2010234137-A1
US-2014100059-A1,US-2010331117-A1
US-2014100059-A1,US-2011098132-A1
US-2014100059-A1,US-2011143862-A1
US-2014100059-A1,US-2011250991-A1
US-2014100059-A1,US-2012010021-A1
US-2014100059-A1,US-2012157235-A1
US-2014100059-A1,US-2012165123-A1
US-2014100059-A1,US-2012172151-A1
US-2014100059-A1,US-2012264542-A1
US-2014100459-A1,US-2008319356-A1
US-2014100459-A1,US-2009177085-A1
US-2014100459-A1,US-2010059264-A1
US-2014100459-A1,US-2010305432-A1
US-2014100459-A1,US-2011263967-A1
US-2014100459-A1,US-2012059264-A1
US-2014100459-A1,
US-2014103717-A1,JP-3604511-B2
US-2014103717-A1,US-7301519-B2
US-2014103717-A1,US-2008259065-A1
US-2014103717-A1,US-2009228722-A1
US-2014103717-A1,US-2010141594-A1
US-2014103717-A1,US-2010307840-A1
US-2014103717-A1,US-2010308739-A1
US-2014103717-A1,US-2011012881-A1
US-2014105213-A1,US-8990371-B2
US-2014105213-A1,US-9014184-B2
US-2014105750-A1,US-5088892-A
US-2014105750-A1,WO-2009149970-A1
US-2014105750-A1,US-2010260609-A1
US-2014107068-A1,US-2009075284-A1
US-2014107068-A1,US-2010292331-A1
US-2014107068-A1,US-2011085981-A1
US-2014107068-A1,
US-2014108365-A1,US-5452420-A
US-2014108365-A1,US-5652879-A
US-2014108365-A1,US-5873097-A
US-2014108365-A1,US-6363495-B1
US-2014108365-A1,US-2003140071-A1
US-2014108365-A1,US-6708144-B1
US-2014108365-A1,US-6839726-B2
US-2014108365-A1,US-2005234933-A1
US-2014108365-A1,US-2006100996-A1
US-2014108365-A1,US-2006123100-A1
US-2014108365-A1,US-7146485-B1
US-2014108365-A1,US-2008033952-A1
US-2014108365-A1,US-2008288749-A1
US-2014108365-A1,US-2009254764-A1
US-2014108365-A1,US-2009292705-A1
US-2014108365-A1,US-2010023732-A1
US-2014108365-A1,US-2010174690-A1
US-2014108365-A1,US-7814084-B2
US-2014108365-A1,US-7953778-B2
US-2014108365-A1,
US-2014110760-A1,US-7224149-B2
US-2014110760-A1,US-8587033-B1
US-2014111737-A1,US-5880795-A
US-2014112311-A1,US-2014022918-A1
US-2014113823-A1,US-5626859-A
US-2014113823-A1,WO-0209519-A1
US-2014113823-A1,US-2002098221-A1
US-2014113823-A1,US-2009270259-A1
US-2014113823-A1,WO-2011015220-A1
US-2014113846-A1,US-3372116-A
US-2014113846-A1,US-5281345-A
US-2014113846-A1,US-5415792-A
US-2014113846-A1,US-5433871-A
US-2014113846-A1,US-5437803-A
US-2014113846-A1,US-5652203-A
US-2014113846-A1,US-2009170737-A1
US-2014113846-A1,US-7935664-B2
US-2014113846-A1,US-7960324-B2
US-2014113846-A1,US-8012918-B2
US-2014113846-A1,US-8030258-B2
US-2014113846-A1,US-8404627-B2
US-2014113846-A1,US-8765649-B2
US-2014113846-A1,US-8778856-B2
US-2014115269-A1,US-2005273536-A1
US-2014115269-A1,US-7197578-B1
US-2014115269-A1,US-8359436-B2
US-2014115269-A1,US-8448001-B1
US-2014115269-A1,US-8510576-B2
US-2014115269-A1,US-2014122833-A1
US-2014115269-A1,US-8725953-B2
US-2014115269-A1,US-8867573-B2
US-2014115269-A1,US-9152213-B2
US-2014115269-A1,US-9183170-B2
US-2014116216-A1,US-RE28911-E
US-2014116216-A1,US-4052248-A
US-2014116216-A1,US-4186633-A
US-2014116216-A1,US-4307638-A
US-2014116216-A1,US-4426245-A
US-2014116216-A1,US-4572761-A
US-2014116216-A1,US-4624031-A
US-2014116216-A1,US-4635837-A
US-2014116216-A1,US-4846035-A
US-2014116216-A1,US-4919351-A
US-2014116216-A1,US-5146830-A
US-2014116216-A1,US-5429025-A
US-2014116216-A1,US-6363825-B1
US-2014116216-A1,US-6450076-B1
US-2014116216-A1,US-6581500-B1
US-2014116216-A1,US-6851642-B2
US-2014116216-A1,US-2005051005-A1
US-2014116216-A1,US-6962101-B2
US-2014116216-A1,US-7022188-B2
US-2014116216-A1,US-7234381-B2
US-2014116216-A1,US-7441681-B2
US-2014116216-A1,US-7571670-B2
US-2014116216-A1,US-2010102101-A1
US-2014116216-A1,US-8146471-B2
US-2014116216-A1,US-8468920-B2
US-2014116216-A1,US-8943938-B2
US-2014118028-A1,US-7796370-B1
US-2014118028-A1,US-2011279163-A1
US-2014118117-A1,US-2006071790-A1
US-2014118117-A1,US-2008197194-A1
US-2014118117-A1,US-2011095865-A1
US-2014118117-A1,US-8159329-B1
US-2014119787-A1,US-2011008084-A1
US-2014119787-A1,US-2011135353-A1
US-2014119787-A1,US-2011170917-A1
US-2014119787-A1,US-2011206426-A1
US-2014119787-A1,US-2012076556-A1
US-2014119787-A1,US-2013034720-A1
US-2014121239-A1,WO-2010083414-A1
US-2014121239-A1,US-2011229469-A1
US-2014121239-A1,
US-2014121939-A1,US-5077486-A
US-2014121939-A1,US-5678521-A
US-2014121939-A1,US-5905369-A
US-2014121939-A1,US-6275431-B1
US-2014121939-A1,US-2004084035-A1
US-2014121939-A1,US-2005093523-A1
US-2014121939-A1,US-7116087-B2
US-2014121939-A1,US-7157891-B1
US-2014121939-A1,US-7170268-B2
US-2014121939-A1,US-2007062501-A1
US-2014121939-A1,US-2009212852-A1
US-2014121939-A1,US-7602165-B2
US-2014121939-A1,US-2009267587-A1
US-2014121939-A1,US-2011006969-A1
US-2014121939-A1,US-2011267848-A1
US-2014121939-A1,US-2011273057-A1
US-2014121939-A1,US-2012091977-A1
US-2014121939-A1,US-8519685-B2
US-2014122147-A1,US-2006111845-A1
US-2014122147-A1,US-2006271262-A1
US-2014122147-A1,US-2011290873-A1
US-2014122417-A1,US-2002161815-A1
US-2014122417-A1,US-2003074453-A1
US-2014122417-A1,US-2003177182-A1
US-2014122417-A1,US-2005004952-A1
US-2014122417-A1,US-2006294333-A1
US-2014122417-A1,US-2007260608-A1
US-2014122417-A1,US-2011282949-A1
US-2014123902-A1,US-3716371-A
US-2014123902-A1,US-3814057-A
US-2014123902-A1,US-3961603-A
US-2014123902-A1,US-4040810-A
US-2014123902-A1,US-4262633-A
US-2014123902-A1,US-5178094-A
US-2014123902-A1,US-5351643-A
US-2014123902-A1,US-5741344-A
US-2014123902-A1,US-5759224-A
US-2014123902-A1,US-6001146-A
US-2014123902-A1,US-6391620-B1
US-2014123902-A1,US-6474259-B1
US-2014123902-A1,US-2003143728-A1
US-2014123902-A1,US-2004089241-A1
US-2014123902-A1,US-2010129273-A1
US-2014123902-A1,US-2010273251-A1
US-2014123902-A1,US-7998728-B2
US-2014123902-A1,US-2012214223-A1
US-2014123902-A1,US-2013206071-A1
US-2014123902-A1,US-2013319334-A1
US-2014125398-A1,US-7149088-B2
US-2014125398-A1,US-7973405-B2
US-2014125398-A1,US-8018268-B1
US-2014126319-A1,US-5043945-A
US-2014126319-A1,US-2004264278-A1
US-2014126319-A1,US-2007266279-A1
US-2014126673-A1,US-6232842-B1
US-2014126673-A1,US-6587004-B2
US-2014126673-A1,US-7643583-B1
US-2014126673-A1,US-7952427-B2
US-2014126673-A1,US-8144813-B2
US-2014127530-A1,US-4819859-A
US-2014127530-A1,US-2006201998-A1
US-2014127530-A1,US-2008102301-A1
US-2014127530-A1,US-2011135957-A1
US-2014127530-A1,US-2012015210-A1
US-2014127530-A1,US-2012070686-A1
US-2014127530-A1,US-2012181325-A1
US-2014127744-A1,US-2005051723-A1
US-2014129426-A1,US-6438452-B1
US-2014129426-A1,US-2003195676-A1
US-2014129426-A1,US-2009306997-A1
US-2014129426-A1,US-2010332363-A1
US-2014129426-A1,WO-2011048579-A2
US-2014129426-A1,US-2011140877-A1
US-2014129426-A1,US-2011313646-A1
US-2014129426-A1,US-8292171-B2
US-2014129426-A1,US-8352150-B2
US-2014129426-A1,US-2013013431-A1
US-2014129426-A1,US-2013226745-A1
US-2014129426-A1,US-8612081-B2
US-2014129426-A1,KR-20140070905-A
US-2014130051-A1,US-2004088705-A1
US-2014130051-A1,US-2012102500-A1
US-2014130051-A1,
US-2014130652-A1,US-4619176-A
US-2014130652-A1,US-5451706-A
US-2014130652-A1,US-5655051-A
US-2014130652-A1,US-5696343-A
US-2014130652-A1,US-5967792-A
US-2014130652-A1,US-2003058486-A1
US-2014130652-A1,US-2005257666-A1
US-2014130652-A1,US-2006225561-A1
US-2014130652-A1,US-7129406-B2
US-2014130652-A1,US-2006275631-A1
US-2014130652-A1,US-7259314-B2
US-2014130652-A1,US-7265281-B2
US-2014130652-A1,US-7405350-B2
US-2014130652-A1,US-2010128183-A1
US-2014130652-A1,US-8149339-B2
US-2014130652-A1,US-2013199357-A1
US-2014130930-A1,US-5778941-A
US-2014130930-A1,US-2002013974-A1
US-2014130930-A1,US-6948527-B2
US-2014130930-A1,US-7549448-B2
US-2014130930-A1,US-8479776-B2
US-2014131412-A1,US-2781808-A
US-2014131412-A1,US-3491909-A
US-2014131412-A1,US-3638843-A
US-2014131412-A1,US-4506769-A
US-2014131412-A1,US-4790591-A
US-2014131412-A1,US-4989744-A
US-2014131412-A1,US-6213304-B1
US-2014131412-A1,US-2002166303-A1
US-2014131412-A1,US-6551539-B1
US-2014131412-A1,US-6595604-B1
US-2014131412-A1,US-6640944-B2
US-2014131412-A1,US-2005186387-A1
US-2014131412-A1,US-2006011686-A1
US-2014131412-A1,US-7004323-B1
US-2014131412-A1,US-2006283906-A1
US-2014131412-A1,US-2007110952-A1
US-2014131412-A1,US-2008289925-A1
US-2014132780-A1,US-2008192129-A1
US-2014133297-A1,US-6690918-B2
US-2014133297-A1,US-7657920-B2
US-2014133297-A1,US-7724716-B2
US-2014133297-A1,US-8160598-B2
US-2014133297-A1,US-8320902-B2
US-2014133297-A1,US-9325737-B2
US-2014136331-A1,US-6628770-B1
US-2014136331-A1,US-2004091093-A1
US-2014136331-A1,US-2004122730-A1
US-2014136331-A1,US-2005233733-A1
US-2014136331-A1,US-2009089144-A1
US-2014136331-A1,US-2009207983-A1
US-2014136331-A1,US-2010262619-A1
US-2014136331-A1,US-2011131237-A1
US-2014136331-A1,US-2012254042-A1
US-2014136331-A1,US-2013059613-A1
US-2014136331-A1,US-2014128043-A1
US-2014136889-A1,US-2003056139-A1
US-2014136889-A1,US-6675176-B1
US-2014136889-A1,US-7681072-B1
US-2014139004-A1,US-4350390-A
US-2014139004-A1,US-5026121-A
US-2014139004-A1,US-5108151-A
US-2014139004-A1,US-5251963-A
US-2014139004-A1,US-6490834-B1
US-2014139004-A1,US-6607247-B2
US-2014139004-A1,US-2008038569-A1
US-2014139004-A1,US-2013069415-A1
US-2014139004-A1,US-2013134756-A1
US-2014139004-A1,US-8511748-B2
US-2014139004-A1,US-2014159462-A1
US-2014139004-A1,US-2014284987-A1
US-2014139004-A1,US-2015210194-A1
US-2014139622-A1,US-2009102987-A1
US-2014139622-A1,US-2010238325-A1
US-2014139622-A1,US-2011193941-A1
US-2014141600-A1,US-2009110627-A1
US-2014141600-A1,US-2009155561-A1
US-2014141600-A1,US-2009294759-A1
US-2014141600-A1,US-2011033677-A1
US-2014141600-A1,US-2011042687-A1
US-2014141600-A1,US-2011129675-A1
US-2014141600-A1,US-2012068157-A1
US-2014141600-A1,US-2012161098-A1
US-2014141600-A1,US-2012258587-A1
US-2014141600-A1,US-2013127023-A1
US-2014141600-A1,
US-2014143222-A1,US-5974412-A
US-2014143222-A1,US-2003033299-A1
US-2014143222-A1,US-6640218-B1
US-2014143222-A1,US-2004107821-A1
US-2014143222-A1,US-2006254411-A1
US-2014143222-A1,US-2007033168-A1
US-2014143222-A1,US-2007156669-A1
US-2014143222-A1,US-2007271246-A1
US-2014143222-A1,US-2007271235-A1
US-2014143222-A1,US-2008133482-A1
US-2014143222-A1,US-2009287697-A1
US-2014143222-A1,US-2010031366-A1
US-2014143222-A1,US-2010094853-A1
US-2014143222-A1,US-7783644-B1
US-2014143222-A1,US-2010235351-A1
US-2014143222-A1,US-7805434-B2
US-2014143222-A1,US-2010250524-A1
US-2014143222-A1,US-7908184-B2
US-2014143222-A1,US-2011213770-A1
US-2014143222-A1,US-2011282739-A1
US-2014143222-A1,US-2011289095-A1
US-2014143222-A1,US-8095545-B2
US-2014143222-A1,US-2012036123-A1
US-2014143222-A1,US-2012089598-A1
US-2014143222-A1,US-2012221566-A1
US-2014143222-A1,US-2012259844-A1
US-2014143222-A1,US-8301616-B2
US-2014143222-A1,US-8359309-B1
US-2014143222-A1,US-8484199-B1
US-2014143222-A1,US-8615514-B1
US-2014143222-A1,US-2014122465-A1
US-2014143222-A1,US-8745041-B1
US-2014143222-A1,US-9116918-B1
US-2014145871-A1,US-5751240-A
US-2014145871-A1,US-2008224918-A1
US-2014145871-A1,US-2009237292-A1
US-2014145871-A1,US-2009303105-A1
US-2014145871-A1,US-2010033365-A1
US-2014145871-A1,US-2011122013-A1
US-2014145871-A1,US-2012050091-A1
US-2014145871-A1,US-2012268314-A1
US-2014145871-A1,US-2013093613-A1
US-2014145871-A1,US-9194940-B2
US-2014146433-A1,US-4225763-A
US-2014146433-A1,US-5107081-A
US-2014146433-A1,US-5243160-A
US-2014146433-A1,US-5864108-A
US-2014146433-A1,US-5912604-A
US-2014146433-A1,US-5932858-A
US-2014146433-A1,US-6407908-B1
US-2014146433-A1,US-6865072-B2
US-2014146433-A1,US-2007175866-A1
US-2014146433-A1,US-2010014218-A1
US-2014146433-A1,US-7796374-B2
US-2014146433-A1,US-2014144883-A1
US-2014146433-A1,US-2015091677-A1
US-2014150458-A1,US-4448032-A
US-2014150458-A1,US-2006266059-A1
US-2014150458-A1,US-7681406-B2
US-2014150458-A1,US-2011232888-A1
US-2014150458-A1,US-8240159-B2
US-2014152022-A1,US-6353270-B1
US-2014152022-A1,US-7067932-B1
US-2014152022-A1,US-2007264081-A1
US-2014152022-A1,US-7541684-B1
US-2014152022-A1,US-7589428-B2
US-2014152022-A1,US-8123431-B2
US-2014152022-A1,US-8164204-B2
US-2014152022-A1,US-8872363-B2
US-2014152215-A1,US-6002234-A
US-2014152215-A1,US-6373211-B1
US-2014152215-A1,US-2003046028-A1
US-2014152215-A1,US-2003062868-A1
US-2014152215-A1,US-2003071594-A1
US-2014152215-A1,US-2003076064-A1
US-2014152215-A1,US-2003076061-A1
US-2014152215-A1,US-2003076065-A1
US-2014152215-A1,US-2004095089-A1
US-2014152215-A1,US-2005029976-A1
US-2014152215-A1,US-2005269982-A1
US-2014152215-A1,US-2007132446-A1
US-2014152215-A1,US-2008118234-A1
US-2014152215-A1,US-2008203962-A1
US-2014152215-A1,US-2009189561-A1
US-2014152215-A1,US-2009261775-A1
US-2014152215-A1,US-2010201298-A1
US-2014152548-A1,US-7762893-B2
US-2014152548-A1,US-2010292008-A1
US-2014152548-A1,US-7927215-B2
US-2014153808-A1,US-2005251006-A1
US-2014153808-A1,US-2006139319-A1
US-2014153808-A1,US-2006293922-A1
US-2014153808-A1,US-2008120141-A1
US-2014153808-A1,US-2009041329-A1
US-2014153808-A1,US-2009132279-A1
US-2014153808-A1,US-2009271788-A1
US-2014153808-A1,US-2011096970-A1
US-2014153808-A1,US-2011161215-A1
US-2014153808-A1,US-2011191767-A1
US-2014153808-A1,US-2014365244-A1
US-2014155116-A1,US-6310866-B1
US-2014155116-A1,US-2003093327-A1
US-2014155116-A1,US-2003229900-A1
US-2014155116-A1,US-2004083291-A1
US-2014155116-A1,US-6760580-B2
US-2014155116-A1,US-2004141594-A1
US-2014155116-A1,US-2004214576-A1
US-2014155116-A1,US-2005033852-A1
US-2014155116-A1,US-2005114493-A1
US-2014155116-A1,US-2005169446-A1
US-2014155116-A1,US-2005277406-A1
US-2014155116-A1,US-2005277431-A1
US-2014155116-A1,US-2006007899-A1
US-2014155116-A1,US-2006145781-A1
US-2014155116-A1,US-7482869-B2
US-2014155116-A1,US-2009228890-A1
US-2014155116-A1,US-2010036512-A1
US-2014155116-A1,US-2011102224-A1
US-2014155116-A1,US-2012231858-A1
US-2014155116-A1,US-2014010179-A1
US-2014155116-A1,US-2014064405-A1
US-2014155116-A1,US-8942652-B2
US-2014157072-A1,US-5963566-A
US-2014157072-A1,US-2004003329-A1
US-2014157072-A1,US-7348796-B2
US-2014157072-A1,US-8248073-B2
US-2014157505-A1,US-5095556-A
US-2014157505-A1,US-6523187-B1
US-2014157505-A1,US-7185375-B1
US-2014157505-A1,US-7200878-B2
US-2014157505-A1,US-7260855-B2
US-2014157505-A1,US-8769732-B2
US-2014157573-A1,US-2004267203-A1
US-2014158363-A1,US-4528104-A
US-2014158363-A1,US-4609476-A
US-2014158363-A1,US-4846280-A
US-2014158363-A1,US-2003032561-A1
US-2014158363-A1,US-2004011990-A1
US-2014158363-A1,US-2004059054-A1
US-2014158363-A1,US-2005038199-A1
US-2014158363-A1,US-2005113264-A1
US-2014158363-A1,US-6908886-B2
US-2014158363-A1,US-7219735-B2
US-2014158363-A1,US-7306039-B2
US-2014158363-A1,US-7316275-B2
US-2014158363-A1,US-7713917-B2
US-2014158363-A1,US-7762332-B2
US-2014158363-A1,US-7896078-B2
US-2014158363-A1,US-7923419-B2
US-2014158363-A1,US-7966876-B2
US-2014158363-A1,US-8030389-B2
US-2014158363-A1,US-2012231977-A1
US-2014158665-A1,US-4608470-A
US-2014159522-A1,US-97945-A
US-2014159522-A1,US-103394-A
US-2014159522-A1,US-104262-A
US-2014159522-A1,US-169380-A
US-2014159522-A1,US-179909-A
US-2014159522-A1,US-204969-A
US-2014159522-A1,US-242256-A
US-2014159522-A1,US-270863-A
US-2014159522-A1,US-301380-A
US-2014159522-A1,US-420145-A
US-2014159522-A1,US-606125-A
US-2014159522-A1,US-1251379-A
US-2014159522-A1,US-1827941-A
US-2014159522-A1,US-2028282-A
US-2014159522-A1,US-2149513-A
US-2014159522-A1,US-2299036-A
US-2014159522-A1,US-2542670-A
US-2014159522-A1,US-3194081-A
US-2014159522-A1,US-3568026-A
US-2014159522-A1,US-3586265-A
US-2014159522-A1,US-3842821-A
US-2014159522-A1,US-3908815-A
US-2014159522-A1,US-3978598-A
US-2014159522-A1,US-6269567-B1
US-2014159522-A1,US-6393207-B1
US-2014159522-A1,US-2003041491-A1
US-2014159522-A1,US-6806672-B2
US-2014159522-A1,US-6944982-B2
US-2014159522-A1,US-2005252051-A1
US-2014159522-A1,US-2006098428-A1
US-2014159522-A1,US-2008028648-A1
US-2014159522-A1,US-2008282589-A1
US-2014159522-A1,US-2009126241-A1
US-2014159522-A1,US-2009139122-A1
US-2014159522-A1,US-2009220221-A1
US-2014160038-A1,US-2008012835-A1
US-2014160038-A1,US-2008158182-A1
US-2014160038-A1,US-2012049869-A1
US-2014160038-A1,US-9081450-B1
US-2014160495-A1,US-5418611-A
US-2014160495-A1,US-2002011576-A1
US-2014160495-A1,US-2003011787-A1
US-2014160495-A1,US-2007085027-A1
US-2014160495-A1,US-2010053637-A1
US-2014160495-A1,US-7733477-B2
US-2014161087-A1,US-7782749-B2
US-2014161087-A1,US-2011249633-A1
US-2014162173-A1,
US-2014162650-A1,US-2011111759-A1
US-2014162650-A1,US-2012236717-A1
US-2014163191-A1,US-2003186079-A1
US-2014163191-A1,
US-2014166141-A1,US-2008087008-A1
US-2014166141-A1,US-2011173953-A1
US-2014167099-A1,US-4130767-A
US-2014167700-A1,US-6492791-B1
US-2014167700-A1,US-8154255-B2
US-2014167700-A1,US-8450975-B2
US-2014167978-A1,US-3747068-A
US-2014167978-A1,US-2005280511-A1
US-2014167978-A1,US-2007159330-A1
US-2014167978-A1,US-2007200729-A1
US-2014167978-A1,US-2009115626-A1
US-2014167978-A1,US-2011070827-A1
US-2014167978-A1,US-2012218120-A1
US-2014167978-A1,US-2012239212-A1
US-2014169085-A1,US-8446761-B2
US-2014170449-A1,US-4188460-A
US-2014170449-A1,US-2008116851-A1
US-2014170449-A1,US-2012251851-A1
US-2014171223-A1,US-1641155-A
US-2014171223-A1,US-2908504-A
US-2014171223-A1,US-5085431-A
US-2014171223-A1,US-5120358-A
US-2014171223-A1,US-5609530-A
US-2014171223-A1,US-5830077-A
US-2014171223-A1,US-6309315-B1
US-2014171223-A1,US-6344004-B2
US-2014171223-A1,US-6506131-B2
US-2014171223-A1,US-6692382-B2
US-2014171223-A1,US-6832964-B2
US-2014171223-A1,US-2005127630-A1
US-2014171223-A1,US-6997822-B2
US-2014171223-A1,US-7238124-B2
US-2014171223-A1,US-7481725-B2
US-2014171223-A1,US-2013165273-A1
US-2014171223-A1,
US-2014171493-A1,US-7935336-B2
US-2014171493-A1,US-8323640-B2
US-2014174934-A1,US-3853651-A
US-2014174934-A1,US-4211661-A
US-2014174934-A1,US-4582750-A
US-2014174934-A1,US-5283106-A
US-2014174934-A1,US-5397632-A
US-2014174934-A1,US-5401446-A
US-2014174934-A1,US-5503745-A
US-2014174934-A1,US-5709735-A
US-2014174934-A1,US-5714067-A
US-2014174934-A1,US-5730923-A
US-2014174934-A1,US-6114262-A
US-2014174934-A1,US-2004118765-A1
US-2014174934-A1,US-2005284823-A1
US-2014174934-A1,US-6991113-B2
US-2014174934-A1,US-2006172639-A1
US-2014174934-A1,US-2008274312-A1
US-2014174934-A1,DE-102007027299-A1
US-2014174934-A1,US-2010107881-A1
US-2014174934-A1,US-2010236202-A1
US-2014174934-A1,US-2010282682-A1
US-2014174934-A1,US-2010307338-A1
US-2014174934-A1,US-2011016839-A1
US-2014174934-A1,
US-2014175312-A1,US-1049845-A
US-2014175312-A1,US-1389056-A
US-2014175312-A1,US-3552714-A
US-2014175312-A1,US-4074700-A
US-2014175312-A1,US-4530486-A
US-2014175312-A1,US-5413308-A
US-2014175312-A1,US-5474107-A
US-2014175312-A1,US-6631881-B2
US-2014175312-A1,US-6929240-B2
US-2014175312-A1,US-8151824-B2
US-2014175312-A1,
US-2014176123-A1,US-3845445-A
US-2014176123-A1,US-4059798-A
US-2014176123-A1,US-5694103-A
US-2014176123-A1,US-6404180-B1
US-2014176123-A1,US-6426617-B1
US-2014176123-A1,US-6545456-B1
US-2014176123-A1,US-2003227284-A1
US-2014176123-A1,US-2003227285-A1
US-2014176123-A1,US-6759840-B2
US-2014176123-A1,US-2005237050-A1
US-2014176123-A1,US-7002440-B2
US-2014176123-A1,US-2006043960-A1
US-2014176123-A1,US-7193408-B2
US-2014176123-A1,US-2010259248-A1
US-2014176662-A1,US-5736982-A
US-2014176662-A1,US-2008090553-A1
US-2014176662-A1,US-2008151786-A1
US-2014176662-A1,US-2008158334-A1
US-2014176662-A1,US-2010216448-A1
US-2014176662-A1,US-8113991-B2
US-2014176662-A1,US-2012066596-A1
US-2014176662-A1,US-8212856-B2
US-2014176662-A1,US-2012182381-A1
US-2014176662-A1,US-8230458-B2
US-2014176662-A1,US-2012198380-A1
US-2014176662-A1,US-8239487-B1
US-2014176662-A1,US-8284233-B2
US-2014176662-A1,US-2012287220-A1
US-2014176662-A1,US-8428908-B2
US-2014176662-A1,US-8432430-B2
US-2014176662-A1,US-8443039-B2
US-2014176662-A1,US-8510413-B1
US-2014176662-A1,US-2013258040-A1
US-2014176662-A1,US-2013257877-A1
US-2014176662-A1,US-8626126-B2
US-2014176662-A1,US-8631428-B2
US-2014176662-A1,US-8683354-B2
US-2014176662-A1,US-8723914-B2
US-2014176662-A1,US-8725507-B2
US-2014176662-A1,US-8730297-B2
US-2014176662-A1,US-8739037-B1
US-2014176662-A1,US-2014164501-A1
US-2014177026-A1,US-8520287-B2
US-2014177194-A1,US-2009053498-A1
US-2014177194-A1,US-2009135569-A1
US-2014177194-A1,US-2010314781-A1
US-2014177194-A1,US-2011151624-A1
US-2014177194-A1,US-2011159284-A1
US-2014177194-A1,US-2011156280-A1
US-2014177194-A1,US-2011241186-A1
US-2014177194-A1,US-2011256669-A1
US-2014177194-A1,US-2011256666-A1
US-2014177194-A1,US-2012235282-A1
US-2014177448-A1,US-2008299954-A1
US-2014177448-A1,US-2010312846-A1
US-2014177448-A1,WO-2011097321-A2
US-2014177448-A1,
US-2014178695-A1,US-3075930-A
US-2014178695-A1,US-4109057-A
US-2014178695-A1,US-4320208-A
US-2014178695-A1,US-4327195-A
US-2014178695-A1,US-4609690-A
US-2014178695-A1,US-4689381-A
US-2014178695-A1,US-5506285-A
US-2014178695-A1,US-6231985-B1
US-2014178695-A1,US-2003212227-A1
US-2014178695-A1,US-2005257905-A1
US-2014178695-A1,US-2008281069-A1
US-2014181041-A1,US-6393437-B1
US-2014181041-A1,US-2003200207-A1
US-2014181041-A1,US-2005203935-A1
US-2014181041-A1,US-2010115223-A1
US-2014181041-A1,US-2011055178-A1
US-2014181041-A1,US-2011107026-A1
US-2014181041-A1,US-8571882-B1
US-2014181041-A1,US-2013346532-A1
US-2014181041-A1,US-8713282-B1
US-2014181041-A1,US-8751515-B1
US-2014181041-A1,US-9015122-B2
US-2014182573-A1,US-4030473-A
US-2014182573-A1,US-4192281-A
US-2014182573-A1,US-4716880-A
US-2014182573-A1,US-4721092-A
US-2014182573-A1,US-4877008-A
US-2014182573-A1,US-5085200-A
US-2014182573-A1,US-5596976-A
US-2014182573-A1,US-5598829-A
US-2014182573-A1,US-5619979-A
US-2014182573-A1,US-5649520-A
US-2014182573-A1,US-5884614-A
US-2014182573-A1,US-6205990-B1
US-2014182573-A1,US-6425386-B1
US-2014182573-A1,US-6736123-B1
US-2014182573-A1,US-6802304-B1
US-2014182573-A1,US-7174884-B2
US-2014182573-A1,US-7588022-B2
US-2014182573-A1,US-7726291-B2
US-2014182573-A1,US-7743543-B2
US-2014182573-A1,US-2010170489-A1
US-2014182573-A1,US-7770567-B1
US-2014182573-A1,US-7810480-B2
US-2014182573-A1,US-8020543-B2
US-2014182573-A1,US-8091540-B2
US-2014182573-A1,US-8240299-B2
US-2014182573-A1,US-8522761-B1
US-2014182573-A1,US-8578916-B2
US-2014182573-A1,US-8651094-B2
US-2014182573-A1,US-2014102431-A1
US-2014182573-A1,US-2014174419-A1
US-2014182573-A1,US-8770178-B2
US-2014183393-A1,US-3990679-A
US-2014183393-A1,US-4568062-A
US-2014183393-A1,US-4570659-A
US-2014183393-A1,US-5375812-A
US-2014183393-A1,WO-2012154056-A1
US-2014183459-A1,US-2005258441-A1
US-2014183459-A1,US-2008100209-A1
US-2014183459-A1,US-2011272675-A1
US-2014183459-A1,US-2013049024-A1
US-2014184237-A1,US-5359211-A
US-2014184237-A1,US-5969626-A
US-2014184237-A1,US-2003007301-A1
US-2014184237-A1,US-2004027742-A1
US-2014184237-A1,US-2009287435-A1
US-2014184237-A1,US-2009309129-A1
US-2014184237-A1,US-2011051299-A1
US-2014184237-A1,US-2012268848-A1
US-2014184237-A1,US-2013208395-A1
US-2014184237-A1,US-2014126089-A1
US-2014184237-A1,US-2015236011-A1
US-2014184322-A1,US-2012319757-A1
US-2014184322-A1,US-8339879-B2
US-2014184322-A1,US-8441831-B2
US-2014184322-A1,US-2013241314-A1
US-2014184322-A1,US-2014145753-A1
US-2014184322-A1,US-2014185174-A1
US-2014184322-A1,US-8890607-B2
US-2014184322-A1,US-2014340113-A1
US-2014184322-A1,US-8952498-B2
US-2014184322-A1,US-8988130-B2
US-2014184322-A1,US-9013908-B2
US-2014184865-A1,US-2005151680-A1
US-2014184865-A1,US-2005168602-A1
US-2014184865-A1,US-2008094494-A1
US-2014184865-A1,US-2009237535-A1
US-2014184865-A1,US-2009267817-A1
US-2014184865-A1,US-2010271248-A1
US-2014184865-A1,US-2010315278-A1
US-2014184865-A1,US-2011025420-A1
US-2014184865-A1,US-2012104235-A1
US-2014184865-A1,US-2012138775-A1
US-2014184865-A1,US-2012242878-A1
US-2014184865-A1,US-2013026343-A1
US-2014184865-A1,US-2013206961-A1
US-2014184865-A1,US-2013229543-A1
US-2014184865-A1,US-2014034812-A1
US-2014184865-A1,US-2014184844-A1
US-2014188399-A1,US-2006009257-A1
US-2014188399-A1,US-2006219776-A1
US-2014188399-A1,US-2013035602-A1
US-2014189096-A1,US-5138638-A
US-2014189096-A1,US-2002167408-A1
US-2014189096-A1,US-2010026802-A1
US-2014189096-A1,US-2013282520-A1
US-2014189096-A1,US-2014067455-A1
US-2014189403-A1,US-2004123169-A1
US-2014189403-A1,US-7383457-B1
US-2014189403-A1,US-2009150696-A1
US-2014189403-A1,US-2009172434-A1
US-2014189403-A1,US-2010095146-A1
US-2014189403-A1,US-2011055604-A1
US-2014189403-A1,US-2011185209-A1
US-2014189403-A1,US-2012210104-A1
US-2014189403-A1,US-8332676-B2
US-2014189403-A1,US-8452995-B1
US-2014189403-A1,US-2013198540-A1
US-2014189403-A1,US-8572420-B2
US-2014189403-A1,US-2014189398-A1
US-2014189594-A1,US-6466237-B1
US-2014189594-A1,US-6496206-B1
US-2014189594-A1,US-2004093565-A1
US-2014189594-A1,US-2010251106-A1
US-2014190060-A1,US-6487807-B1
US-2014190060-A1,US-2008052979-A1
US-2014190060-A1,US-2009056192-A1
US-2014190060-A1,US-7584568-B1
US-2014190060-A1,US-2010084524-A1
US-2014190060-A1,US-2010242332-A1
US-2014190060-A1,US-2010307043-A1
US-2014190060-A1,US-2013000174-A1
US-2014190060-A1,US-2013036647-A1
US-2014190060-A1,US-2013134286-A1
US-2014190261-A1,US-6217270-B1
US-2014190261-A1,US-7332825-B2
US-2014190261-A1,
US-2014190347-A1,US-3224170-A
US-2014190347-A1,US-3521431-A
US-2014190347-A1,US-3766719-A
US-2014190347-A1,US-4098594-A
US-2014190347-A1,US-4346860-A
US-2014190347-A1,US-4425756-A
US-2014190347-A1,US-4509962-A
US-2014190347-A1,US-5039317-A
US-2014190347-A1,US-5174111-A
US-2014190347-A1,US-6134874-A
US-2014190347-A1,US-6499285-B1
US-2014190347-A1,US-2003196548-A1
US-2014190347-A1,US-6698180-B2
US-2014190347-A1,US-6698387-B1
US-2014190347-A1,US-7013845-B1
US-2014190347-A1,US-7296395-B1
US-2014190347-A1,US-7678165-B2
US-2014190347-A1,US-7802433-B2
US-2014190347-A1,US-7927408-B2
US-2014190347-A1,US-2011252771-A1
US-2014190347-A1,US-2014144123-A1
US-2014190347-A1,US-2014260211-A1
US-2014190347-A1,US-2015030435-A1
US-2014190413-A1,US-2001000864-A1
US-2014190413-A1,US-2006254505-A1
US-2014191133-A1,US-7057705-B2
US-2014191133-A1,US-2007008866-A1
US-2014191133-A1,US-2008017801-A1
US-2014191133-A1,US-2008149862-A1
US-2014191133-A1,US-7830942-B2
US-2014191133-A1,US-2011079736-A1
US-2014191133-A1,US-7928416-B2
US-2014191133-A1,US-2012193547-A1
US-2014191133-A1,US-8304752-B2
US-2014191133-A1,US-8368039-B2
US-2014191133-A1,US-2013077073-A1
US-2014191133-A1,US-2014091239-A1
US-2014191133-A1,US-8704200-B2
US-2014194776-A1,US-4040413-A
US-2014194776-A1,US-2002161388-A1
US-2014194776-A1,US-7491188-B2
US-2014194776-A1,US-2011218494-A1
US-2014194776-A1,WO-2012029535-A1
US-2014194776-A1,US-2013116622-A1
US-2014194776-A1,US-2013178828-A1
US-2014194776-A1,US-2013211379-A1
US-2014194776-A1,
US-2014195008-A1,US-3663973-A
US-2014195008-A1,US-6454812-B1
US-2014195726-A1,US-2007239960-A1
US-2014195726-A1,US-2009216974-A1
US-2014195726-A1,US-2011047316-A1
US-2014195726-A1,
US-2014197178-A1,US-1238074-A
US-2014197178-A1,US-2287312-A
US-2014197178-A1,US-2721663-A
US-2014197178-A1,US-5413825-A
US-2014197178-A1,US-6758348-B2
US-2014197178-A1,US-2004155038-A1
US-2014197178-A1,US-2011038664-A1
US-2014197178-A1,US-2012219685-A1
US-2014199209-A1,US-5674743-A
US-2014199209-A1,
US-2014200607-A1,US-6592617-B2
US-2014200607-A1,US-2007288040-A1
US-2014200607-A1,US-2008281350-A1
US-2014200607-A1,US-2010032464-A1
US-2014200607-A1,US-2012024567-A1
US-2014200607-A1,US-2014135812-A1
US-2014201185-A1,US-2003177112-A1
US-2014201185-A1,US-2008215519-A1
US-2014201185-A1,US-2009216696-A1
US-2014201185-A1,US-7644052-B1
US-2014201185-A1,US-2010217742-A1
US-2014201185-A1,US-2011004578-A1
US-2014201185-A1,US-2011040717-A1
US-2014201185-A1,US-2011196861-A1
US-2014201185-A1,US-2011225159-A1
US-2014201185-A1,US-2012078595-A1
US-2014201185-A1,US-2013055076-A1
US-2014201185-A1,US-2014172417-A1
US-2014201185-A1,
US-2014203124-A1,US-3958767-A
US-2014203124-A1,US-4174072-A
US-2014203124-A1,US-5697562-A
US-2014203124-A1,US-2007158479-A1
US-2014203124-A1,US-2009224087-A1
US-2014203124-A1,US-2010252670-A1
US-2014204417-A1,US-6474881-B1
US-2014204417-A1,US-2003011802-A1
US-2014204417-A1,US-6616359-B1
US-2014204417-A1,US-2006206245-A1
US-2014204417-A1,JP-2006268466-A
US-2014204417-A1,US-2006279780-A1
US-2014204417-A1,US-2006287974-A1
US-2014204417-A1,US-2009138878-A1
US-2014204417-A1,US-2010182624-A1
US-2014204417-A1,US-8005830-B2
US-2014204417-A1,US-2011255128-A1
US-2014204417-A1,US-2012041955-A1
US-2014204417-A1,US-2012209728-A1
US-2014204417-A1,US-2012314249-A1
US-2014204417-A1,US-2013077112-A1
US-2014204417-A1,US-2013107308-A1
US-2014204417-A1,US-2013129372-A1
US-2014204562-A1,US-7722213-B2
US-2014204562-A1,US-2012243237-A1
US-2014205743-A1,US-4768462-A
US-2014205743-A1,US-4888200-A
US-2014205743-A1,US-4919977-A
US-2014205743-A1,US-5175018-A
US-2014205743-A1,US-5733376-A
US-2014205743-A1,US-6447609-B1
US-2014205743-A1,US-7429298-B2
US-2014205743-A1,US-2009204260-A1
US-2014205743-A1,US-2009320753-A1
US-2014206691-A1,US-6979694-B2
US-2014206691-A1,US-7091223-B2
US-2014206691-A1,US-8716323-B2
US-2014207367-A1,US-2006235610-A1
US-2014207367-A1,US-7729817-B2
US-2014207367-A1,US-2014018979-A1
US-2014207367-A1,
US-2014207851-A1,US-2003028798-A1
US-2014207851-A1,US-2011145807-A1
US-2014207851-A1,US-8060556-B2
US-2014207851-A1,US-2012159308-A1
US-2014207851-A1,US-2012233600-A1
US-2014207851-A1,US-2012304082-A1
US-2014207851-A1,US-2013128883-A1
US-2014212628-A1,US-5395584-A
US-2014212628-A1,US-5783318-A
US-2014212628-A1,US-6638639-B1
US-2014212628-A1,US-2007141965-A1
US-2014212628-A1,US-2009014505-A1
US-2014212628-A1,US-7900458-B2
US-2014212628-A1,US-2011076151-A1
US-2014212628-A1,
US-2014213837-A1,US-3533938-A
US-2014214826-A1,US-2002198679-A1
US-2014214826-A1,US-2005235318-A1
US-2014214826-A1,US-7069263-B1
US-2014214826-A1,US-2006159027-A1
US-2014214826-A1,EP-1734470-A1
US-2014214826-A1,US-2008297513-A1
US-2014214826-A1,AU-2002310479-B2
US-2014214826-A1,US-2009099920-A1
US-2014214826-A1,US-2009210376-A1
US-2014214826-A1,US-2012191678-A1
US-2014214826-A1,US-2012209852-A1
US-2014214826-A1,US-2013110829-A1
US-2014214826-A1,US-2014207793-A1
US-2014218497-A1,US-2002131622-A1
US-2014218497-A1,US-2002130961-A1
US-2014218497-A1,US-2002158750-A1
US-2014218497-A1,US-2003068164-A1
US-2014218497-A1,US-6574432-B2
US-2014218497-A1,US-6798457-B2
US-2014218497-A1,US-2006018792-A1
US-2014218497-A1,US-2006130022-A1
US-2014218497-A1,US-7095901-B2
US-2014218497-A1,US-2006210118-A1
US-2014218497-A1,US-2006273880-A1
US-2014218497-A1,US-7271839-B2
US-2014218497-A1,US-2008002863-A1
US-2014218497-A1,US-7418115-B2
US-2014218497-A1,US-2008309873-A1
US-2014218497-A1,US-2009046249-A1
US-2014218497-A1,US-7806604-B2
US-2014222181-A1,US-2007240069-A1
US-2014222918-A1,US-5310349-A
US-2014222918-A1,US-6470171-B1
US-2014222918-A1,US-2002169822-A1
US-2014222918-A1,US-6505031-B1
US-2014222918-A1,US-2004153509-A1
US-2014222918-A1,US-2005219056-A1
US-2014222918-A1,US-2006194186-A1
US-2014222918-A1,US-2007255805-A1
US-2014222918-A1,US-2008059484-A1
US-2014222918-A1,US-2008319949-A1
US-2014222918-A1,US-2009197234-A1
US-2014222918-A1,US-2010227304-A1
US-2014222918-A1,US-8172578-B2
US-2014222918-A1,US-2012173511-A1
US-2014222918-A1,US-2013089849-A1
US-2014222918-A1,US-2013330704-A1
US-2014222918-A1,US-2014004496-A1
US-2014222918-A1,US-2014052663-A1
US-2014222918-A1,US-2015304056-A1
US-2014222918-A1,US-9524649-B1
US-2014223131-A1,US-2013179485-A1
US-2014223131-A1,US-2013318300-A1
US-2014225713-A1,US-2002099945-A1
US-2014225713-A1,US-2004174247-A1
US-2014225713-A1,US-7119744-B2
US-2014225713-A1,US-2006287016-A1
US-2014225713-A1,US-7446644-B2
US-2014225713-A1,US-2009066476-A1
US-2014225713-A1,US-2009289873-A1
US-2014225713-A1,US-2010283579-A1
US-2014225720-A1,US-5767793-A
US-2014225720-A1,US-2003160701-A1
US-2014226801-A1,
US-2014227943-A1,US-3562802-A
US-2014227943-A1,US-3747606-A
US-2014227943-A1,US-3777763-A
US-2014227943-A1,US-5219311-A
US-2014227943-A1,US-5472366-A
US-2014227943-A1,US-5730640-A
US-2014227943-A1,US-6857933-B2
US-2014227943-A1,US-6966815-B2
US-2014227943-A1,US-7112117-B2
US-2014227943-A1,US-7390239-B1
US-2014227943-A1,US-7407428-B2
US-2014228426-A1,US-2013109870-A1
US-2014228426-A1,US-8476310-B2
US-2014229290-A1,US-2005216516-A1
US-2014229290-A1,US-2006167747-A1
US-2014229290-A1,US-2010030648-A1
US-2014229290-A1,
US-2014230431-A1,US-2730861-A
US-2014230431-A1,US-3313518-A
US-2014230431-A1,US-3383092-A
US-2014230431-A1,US-3614259-A
US-2014230431-A1,US-4008572-A
US-2014230431-A1,US-4177005-A
US-2014230431-A1,US-4179892-A
US-2014230431-A1,JP-S57137619-A
US-2014230431-A1,US-4526004-A
US-2014230431-A1,US-4530640-A
US-2014230431-A1,US-5943864-A
US-2014230431-A1,US-6073447-A
US-2014230431-A1,EP-1020618-A2
US-2014230431-A1,US-6250079-B1
US-2014230431-A1,US-6269643-B1
US-2014230431-A1,US-6324847-B1
US-2014230431-A1,US-2003000211-A1
US-2014230431-A1,GB-2416003-A
US-2014230431-A1,US-7481056-B2
US-2014230431-A1,US-7637106-B2
US-2014230431-A1,US-8176737-B2
US-2014230431-A1,US-8196403-B2
US-2014230431-A1,US-8201405-B2
US-2014230431-A1,US-8951005-B2
US-2014230528-A1,US-6048496-A
US-2014230528-A1,US-2006116525-A1
US-2014230528-A1,US-2006213837-A1
US-2014230528-A1,US-2007019503-A1
US-2014230528-A1,US-2009016154-A1
US-2014230528-A1,US-7513681-B2
US-2014230528-A1,US-7550081-B2
US-2014230528-A1,US-2009294344-A1
US-2014230528-A1,US-2010171055-A1
US-2014230718-A1,US-1742595-A
US-2014230718-A1,US-2607122-A
US-2014230718-A1,US-2695453-A
US-2014230718-A1,US-3067521-A
US-2014230718-A1,US-3672061-A
US-2014230718-A1,US-5361507-A
US-2014230718-A1,US-5566465-A
US-2014230718-A1,US-6467183-B2
US-2014230718-A1,DE-102005055610-A1
US-2014230718-A1,US-7263893-B2
US-2014230718-A1,
US-2014231555-A1,US-4687145-A
US-2014231555-A1,US-4715544-A
US-2014231555-A1,US-4721258-A
US-2014231555-A1,US-8113452-B2
US-2014231555-A1,US-8413917-B2
US-2014233896-A1,US-4547039-A
US-2014233896-A1,US-4741590-A
US-2014233896-A1,US-5482477-A
US-2014233896-A1,US-5588080-A
US-2014233896-A1,US-6530696-B1
US-2014233896-A1,US-2010008630-A1
US-2014233896-A1,US-8104973-B2
US-2014233896-A1,US-9151906-B2
US-2014235286-A1,US-6477150-B1
US-2014235286-A1,US-2003157945-A1
US-2014235286-A1,US-2003235181-A1
US-2014235286-A1,US-2008084878-A1
US-2014235286-A1,US-2008101268-A1
US-2014235286-A1,US-2009082048-A1
US-2014235812-A1,WO-2010071092-A1
US-2014235812-A1,US-2011248314-A1
US-2014236981-A1,US-2002091697-A1
US-2014236981-A1,US-2008046407-A1
US-2014236981-A1,US-2009327972-A1
US-2014237598-A1,US-2004064722-A1
US-2014237598-A1,US-2005283535-A1
US-2014238963-A1,US-4786947-A
US-2014238963-A1,US-6753942-B2
US-2014238963-A1,
US-2014240291-A1,US-6323846-B1
US-2014240291-A1,US-2008158185-A1
US-2014240291-A1,US-2010060568-A1
US-2014240291-A1,US-2010225617-A1
US-2014240291-A1,US-2011187677-A1
US-2014240291-A1,US-2011279409-A1
US-2014240291-A1,US-2012162094-A1
US-2014242066-A1,US-2008188568-A1
US-2014242066-A1,WO-2012007584-A2
US-2014242066-A1,
US-2014243511-A1,US-4017430-A
US-2014243511-A1,US-5773590-A
US-2014243511-A1,US-6172204-B1
US-2014243511-A1,US-2010105798-A1
US-2014243511-A1,US-2010152428-A1
US-2014243511-A1,US-2010204368-A1
US-2014243511-A1,US-2010331531-A1
US-2014243511-A1,US-2011263836-A1
US-2014243511-A1,US-2012012035-A1
US-2014243511-A1,
US-2014243823-A1,US-5688267-A
US-2014243823-A1,
US-2014243985-A1,US-5397364-A
US-2014243985-A1,US-6972019-B2
US-2014244753-A1,US-2003020744-A1
US-2014244753-A1,US-7853622-B1
US-2014244753-A1,US-2012030586-A1
US-2014244753-A1,US-2012047529-A1
US-2014244753-A1,US-2012117594-A1
US-2014244753-A1,US-2012143871-A1
US-2014244753-A1,US-2012278184-A1
US-2014244753-A1,US-2013004138-A1
US-2014244753-A1,US-2013064524-A1
US-2014244753-A1,US-2013111510-A1
US-2014244753-A1,US-8631076-B1
US-2014244753-A1,US-2014067501-A1
US-2014244753-A1,US-2014067828-A1
US-2014244753-A1,US-2014122601-A1
US-2014244753-A1,US-2015112812-A1
US-2014245493-A1,
US-2014246729-A1,US-2006244084-A1
US-2014246729-A1,US-2014027822-A1
US-2014246729-A1,US-2014131808-A1
US-2014246729-A1,US-2014162447-A1
US-2014249042-A1,US-2002187464-A1
US-2014249042-A1,US-2004072208-A1
US-2014249042-A1,US-2008138797-A1
US-2014251882-A1,US-4427548-A
US-2014251882-A1,US-5202027-A
US-2014251882-A1,US-5223129-A
US-2014251882-A1,US-5547589-A
US-2014251882-A1,US-5958239-A
US-2014251882-A1,US-6063268-A
US-2014251882-A1,US-2002158011-A1
US-2014251882-A1,US-6793810-B1
US-2014251882-A1,US-2006070947-A1
US-2014251882-A1,US-7867396-B2
US-2014251882-A1,US-2012267325-A1
US-2014251974-A1,US-3134924-A
US-2014251974-A1,US-3702390-A
US-2014251974-A1,US-4551610-A
US-2014251974-A1,US-4571480-A
US-2014251974-A1,US-4843212-A
US-2014251974-A1,US-2013270246-A1
US-2014252785-A1,US-899273-A
US-2014252785-A1,US-1613838-A
US-2014252785-A1,CH-173656-A
US-2014252785-A1,US-1986307-A
US-2014252785-A1,GB-428105-A
US-2014252785-A1,US-2551415-A
US-2014252785-A1,US-2587200-A
US-2014252785-A1,FR-1012114-A
US-2014252785-A1,US-3398985-A
US-2014252785-A1,US-4259811-A
US-2014252785-A1,JP-S584673-A
US-2014252785-A1,EP-0284890-A2
US-2014252785-A1,JP-H03121089-U
US-2014252785-A1,JP-H07257434-A
US-2014252785-A1,DE-19517780-A1
US-2014252785-A1,US-6048018-A
US-2014252785-A1,US-6892843-B2
US-2014252785-A1,US-2006082164-A1
US-2014252785-A1,KR-20070025996-A
US-2014252785-A1,JP-2007069673-A
US-2014252785-A1,JP-2007112369-A
US-2014252785-A1,US-7377561-B2
US-2014252785-A1,JP-2011201402-A
US-2014252785-A1,US-8166706-B2
US-2014252785-A1,US-8469130-B2
US-2014252785-A1,US-8480141-B2
US-2014252785-A1,US-8646556-B2
US-2014252785-A1,US-8844202-B2
US-2014252785-A1,US-9004212-B2
US-2014254424-A1,US-2005053038-A1
US-2014254424-A1,US-2006259627-A1
US-2014254424-A1,US-2006268933-A1
US-2014254424-A1,US-2007280130-A1
US-2014254424-A1,US-2008254749-A1
US-2014254424-A1,US-2010238932-A1
US-2014254424-A1,US-2010281333-A1
US-2014254424-A1,US-2012207054-A1
US-2014254948-A1,US-2012008676-A1
US-2014254948-A1,US-2012328011-A1
US-2014254948-A1,US-2013156111-A1
US-2014256372-A1,US-2005164742-A1
US-2014256372-A1,US-2008016190-A1
US-2014256372-A1,US-2008100423-A1
US-2014256372-A1,US-2008122938-A1
US-2014256372-A1,US-2008227496-A1
US-2014256372-A1,US-2009036173-A1
US-2014256372-A1,US-2009141672-A1
US-2014256372-A1,US-2009183403-A1
US-2014256372-A1,US-2009185541-A1
US-2014256372-A1,US-2009220014-A1
US-2014256372-A1,US-2010040037-A1
US-2014256372-A1,US-2011171999-A1
US-2014256372-A1,US-8139550-B2
US-2014256372-A1,US-2012322481-A1
US-2014256372-A1,US-2013162393-A1
US-2014256372-A1,US-8565066-B2
US-2014262692-A1,US-325129-A
US-2014262692-A1,US-656644-A
US-2014262692-A1,US-1116092-A
US-2014262692-A1,US-6371280-B1
US-2014262692-A1,US-2002175055-A1
US-2014262692-A1,US-7360643-B1
US-2014262692-A1,US-7827028-B2
US-2014262692-A1,US-2013168209-A1
US-2014264915-A1,US-2004164334-A1
US-2014264915-A1,US-2005204101-A1
US-2014264915-A1,US-2008177943-A1
US-2014264915-A1,US-2010315787-A1
US-2014264915-A1,US-2011018573-A1
US-2014264915-A1,US-2012214279-A1
US-2014265382-A1,US-2786707-A
US-2014265382-A1,US-4053131-A
US-2014265382-A1,US-D330858-S
US-2014265382-A1,US-5482339-A
US-2014265382-A1,US-5584520-A
US-2014265382-A1,US-5778489-A
US-2014265382-A1,US-5806709-A
US-2014265382-A1,US-D456578-S
US-2014265382-A1,US-2002125385-A1
US-2014265382-A1,US-7387323-B1
US-2014266005-A1,US-2006245131-A1
US-2014266005-A1,US-2008111518-A1
US-2014266005-A1,US-2009280871-A1
US-2014266005-A1,US-2010131691-A1
US-2014266005-A1,US-2010146308-A1
US-2014266005-A1,US-2012246374-A1
US-2014266005-A1,US-8324509-B2
US-2014266005-A1,US-2013096650-A1
US-2014266005-A1,US-8527688-B2
US-2014266005-A1,US-2013265682-A1
US-2014266005-A1,US-8792221-B2
US-2014266569-A1,US-5959610-A
US-2014266569-A1,US-2005090913-A1
US-2014266569-A1,US-2006215857-A1
US-2014266569-A1,US-2011058691-A1
US-2014266569-A1,US-2012063614-A1
US-2014266569-A1,US-2014112499-A1
US-2014267939-A1,US-2008151144-A1
US-2014267939-A1,US-2010207933-A1
US-2014268128-A1,US-2006077382-A1
US-2014268128-A1,US-2008094621-A1
US-2014268128-A1,US-7903338-B1
US-2014268128-A1,US-2012113420-A1
US-2014268534-A1,US-2003141342-A1
US-2014268534-A1,US-2006060639-A1
US-2014268534-A1,US-2006067852-A1
US-2014268534-A1,US-2007075430-A1
US-2014268534-A1,US-2007080451-A1
US-2014268534-A1,US-2007278089-A1
US-2014268534-A1,US-2009079063-A1
US-2014268534-A1,US-2009197114-A1
US-2014268534-A1,US-2010155115-A1
US-2014268534-A1,US-2011186192-A1
US-2014268534-A1,US-2011278716-A1
US-2014268534-A1,US-2012110298-A1
US-2014273835-A1,US-2012313577-A1
US-2014273835-A1,US-2013057080-A1
US-2014274892-A1,US-2011190215-A1
US-2014274892-A1,
US-2014276151-A1,US-2006173364-A1
US-2014276151-A1,US-2009088812-A1
US-2014276151-A1,US-2010030289-A1
US-2014276151-A1,US-7925349-B1
US-2014277060-A1,US-2009287118-A1
US-2014277060-A1,US-2010168511-A1
US-2014277345-A1,US-2004098079-A1
US-2014277345-A1,US-2006271153-A1
US-2014277345-A1,US-2009192601-A1
US-2014277345-A1,US-2011251664-A1
US-2014277366-A1,US-2006282152-A1
US-2014277366-A1,US-2007055340-A1
US-2014277366-A1,US-2009125093-A1
US-2014277366-A1,US-2011301689-A1
US-2014277392-A1,US-2014155979-A1
US-2014277511-A1,US-4865603-A
US-2014277511-A1,US-2004073314-A1
US-2014277511-A1,WO-2006102347-A2
US-2014279308-A1,US-5870716-A
US-2014279308-A1,US-2007094088-A1
US-2014279308-A1,US-2008133260-A1
US-2014279308-A1,US-2012059745-A1
US-2014279308-A1,US-2013201307-A1
US-2014279433-A1,US-2012239531-A1
US-2014279433-A1,US-2014067603-A1
US-2014280625-A1,US-2003105589-A1
US-2014280625-A1,US-6631412-B1
US-2014280625-A1,US-2004225645-A1
US-2014280625-A1,US-2007174389-A1
US-2014280625-A1,US-2007198526-A1
US-2014280625-A1,US-7337910-B2
US-2014280625-A1,US-2009271247-A1
US-2014280625-A1,US-2010250618-A1
US-2014280625-A1,US-2011125577-A1
US-2014280625-A1,US-2011153423-A1
US-2014280625-A1,US-2012001919-A1
US-2014280625-A1,US-2012278101-A1
US-2014280625-A1,US-8402094-B2
US-2014280625-A1,US-8407773-B1
US-2014280625-A1,US-8498946-B1
US-2014280625-A1,US-2013297413-A1
US-2014280625-A1,US-2013325866-A1
US-2014280625-A1,US-8694577-B2
US-2014280625-A1,US-2014181120-A1
US-2014280625-A1,US-2014317184-A1
US-2014280625-A1,US-8874672-B2
US-2014280625-A1,US-8904295-B2
US-2014280625-A1,US-2015074191-A1
US-2014280625-A1,US-2015081429-A1
US-2014281310-A1,US-2002042868-A1
US-2014281310-A1,US-6859812-B1
US-2014281310-A1,US-2011119678-A1
US-2014281310-A1,US-8656386-B1
US-2014281310-A1,
US-2014281438-A1,US-4777587-A
US-2014281438-A1,US-5179689-A
US-2014281438-A1,US-5561775-A
US-2014281438-A1,US-6088793-A
US-2014282763-A1,US-2010043035-A1
US-2014282763-A1,US-2011004895-A1
US-2014282763-A1,US-2011179449-A1
US-2014282763-A1,US-2013028320-A1
US-2014286115-A1,US-2008151678-A1
US-2014289167-A1,US-7996331-B1
US-2014289167-A1,US-2012130726-A1
US-2014289413-A1,US-2003120778-A1
US-2014289413-A1,US-6609212-B1
US-2014289413-A1,US-2003236813-A1
US-2014289413-A1,US-2006129676-A1
US-2014289413-A1,US-2006184626-A1
US-2014289413-A1,US-7249179-B1
US-2014289413-A1,US-2011145392-A1
US-2014289413-A1,US-2013073724-A1
US-2014289558-A1,US-2003177259-A1
US-2014289558-A1,US-2006168132-A1
US-2014289558-A1,US-2007043827-A1
US-2014289558-A1,US-2008263221-A1
US-2014289558-A1,US-2008288956-A1
US-2014290693-A1,US-1378530-A
US-2014290693-A1,US-1682325-A
US-2014290693-A1,US-2056447-A
US-2014290693-A1,US-4109339-A
US-2014290693-A1,US-4306327-A
US-2014290693-A1,US-4463470-A
US-2014290693-A1,US-5522109-A
US-2014290693-A1,US-2014143968-A1
US-2014290753-A1,US-4638444-A
US-2014290753-A1,US-6273019-B1
US-2014290753-A1,US-2008022346-A1
US-2014290753-A1,US-2011269045-A1
US-2014293332-A1,US-2009089524-A1
US-2014293332-A1,US-2013258381-A1
US-2014295825-A1,US-2006246888-A1
US-2014295825-A1,US-2007232323-A1
US-2014295825-A1,US-2010173626-A1
US-2014295825-A1,US-2011077010-A1
US-2014295825-A1,WO-2013091161-A1
US-2014295825-A1,US-2013223205-A1
US-2014296252-A1,WO-9636633-A1
US-2014296252-A1,
US-2014297897-A1,US-6700773-B1
US-2014297897-A1,US-2004174395-A1
US-2014297897-A1,US-2010033403-A1
US-2014297897-A1,GB-2479996-A
US-2014297897-A1,US-8732373-B2
US-2014297897-A1,US-2014139455-A1
US-2014297897-A1,US-8751973-B2
US-2014297897-A1,US-2014168100-A1
US-2014297897-A1,US-8792429-B2
US-2014298732-A1,US-5711115-A
US-2014298732-A1,US-5941026-A
US-2014298732-A1,US-6230445-B1
US-2014298732-A1,US-2001029707-A1
US-2014298732-A1,US-2003041540-A1
US-2014298732-A1,US-2004216390-A1
US-2014298732-A1,US-6837384-B2
US-2014298732-A1,US-2005005527-A1
US-2014298732-A1,US-2005011138-A1
US-2014298732-A1,US-6920727-B2
US-2014298732-A1,US-7055287-B2
US-2014298732-A1,US-2007062127-A1
US-2014298732-A1,US-2009134290-A1
US-2014298732-A1,US-7823853-B2
US-2014298732-A1,US-8205395-B2
US-2014298732-A1,US-8528871-B2
US-2014298732-A1,US-2013305624-A1
US-2014298732-A1,US-8667742-B2
US-2014298732-A1,US-8684067-B1
US-2014300377-A1,US-5825234-A
US-2014300377-A1,US-6552562-B2
US-2014301492-A1,US-2009232240-A1
US-2014301492-A1,US-2012207243-A1
US-2014301492-A1,US-2014112168-A1
US-2014301495-A1,US-7333455-B1
US-2014301495-A1,US-2008303699-A1
US-2014301495-A1,US-2009322621-A1
US-2014301495-A1,US-2010054212-A1
US-2014301495-A1,US-2012281781-A1
US-2014304187-A1,US-2005065809-A1
US-2014304187-A1,US-2007255831-A1
US-2014304187-A1,US-2008300982-A1
US-2014304187-A1,US-2009012895-A1
US-2014304187-A1,US-2010161465-A1
US-2014304187-A1,US-2010169232-A1
US-2014304187-A1,US-2010250359-A1
US-2014304187-A1,US-2011295749-A1
US-2014305691-A1,US-3808578-A
US-2014305691-A1,JP-H08185920-A
US-2014305691-A1,JP-H1092528-A
US-2014305691-A1,JP-2000077869-A
US-2014305691-A1,US-6178094-B1
US-2014305691-A1,US-6679739-B2
US-2014305691-A1,US-6896536-B1
US-2014305691-A1,US-2005270753-A1
US-2014305916-A1,US-9123794-B2
US-2014306516-A1,US-3601212-A
US-2014306516-A1,US-2008061626-A1
US-2014306516-A1,US-2009277716-A1
US-2014306516-A1,US-7731306-B2
US-2014306516-A1,US-2011060066-A1
US-2014306516-A1,US-2013043091-A1
US-2014307204-A1,US-2008130315-A1
US-2014307204-A1,US-2009103328-A1
US-2014307204-A1,US-2009207560-A1
US-2014307204-A1,US-2009303409-A1
US-2014307204-A1,US-2011109844-A1
US-2014307204-A1,US-2011261276-A1
US-2014307204-A1,US-8049834-B2
US-2014307204-A1,US-2012086882-A1
US-2014307204-A1,US-2012262634-A1
US-2014307204-A1,US-2012281151-A1
US-2014307204-A1,US-8724047-B2
US-2014307204-A1,US-2014176867-A1
US-2014307204-A1,US-2014293136-A1
US-2014307204-A1,US-2014340875-A1
US-2014307491-A1,US-5818708-A
US-2014307491-A1,US-2006083038-A1
US-2014307491-A1,US-2013077369-A1
US-2014307491-A1,US-2014043875-A1
US-2014308523-A1,US-2011033677-A1
US-2014308523-A1,US-2011108609-A1
US-2014308523-A1,US-2011123776-A1
US-2014308646-A1,US-5456607-A
US-2014308646-A1,US-5724262-A
US-2014308646-A1,US-5987443-A
US-2014308646-A1,US-6067537-A
US-2014308646-A1,US-6353447-B1
US-2014308646-A1,US-2003014400-A1
US-2014308646-A1,US-6589055-B2
US-2014308646-A1,US-6652283-B1
US-2014308646-A1,US-2004002040-A1
US-2014308646-A1,US-2004002050-A1
US-2014308646-A1,US-2004009462-A1
US-2014308646-A1,US-2004133437-A1
US-2014308646-A1,US-2004260584-A1
US-2014308646-A1,US-2005136387-A1
US-2014308646-A1,US-2005191608-A1
US-2014308646-A1,US-2006240396-A1
US-2014308646-A1,US-2008270240-A1
US-2014308646-A1,US-2009263777-A1
US-2014308646-A1,US-2009319247-A1
US-2014308646-A1,US-2010035225-A1
US-2014308646-A1,US-2011229864-A1
US-2014308646-A1,US-8200808-B2
US-2014308646-A1,US-8209207-B2
US-2014308646-A1,US-8374980-B2
US-2014308646-A1,US-8491311-B2
US-2014308646-A1,US-8506305-B2
US-2014308646-A1,US-2014234814-A1
US-2014310498-A1,US-2005172271-A1
US-2014310498-A1,US-7130979-B2
US-2014311605-A1,US-3272894-A
US-2014311605-A1,US-3472285-A
US-2014311605-A1,US-3834422-A
US-2014311605-A1,US-3885521-A
US-2014311605-A1,US-3894131-A
US-2014311605-A1,US-4216738-A
US-2014311605-A1,US-4306821-A
US-2014311605-A1,US-4430841-A
US-2014311605-A1,US-4582551-A
US-2014311605-A1,US-4656207-A
US-2014311605-A1,US-4692479-A
US-2014311605-A1,US-4720884-A
US-2014311605-A1,US-5599856-A
US-2014311605-A1,US-2005288395-A1
US-2014311605-A1,US-2006084727-A1
US-2014311605-A1,US-7127902-B1
US-2014311605-A1,US-2008068922-A1
US-2014311605-A1,US-2008144426-A1
US-2014311605-A1,US-8015998-B2
US-2014311605-A1,US-2012067447-A1
US-2014312080-A1,US-1514987-A
US-2014312080-A1,US-1895695-A
US-2014312080-A1,US-2149674-A
US-2014312080-A1,US-2510452-A
US-2014312080-A1,US-2929509-A
US-2014312080-A1,US-3042275-A
US-2014312080-A1,US-3194457-A
US-2014312080-A1,US-3409191-A
US-2014312080-A1,GB-2055571-A
US-2014312080-A1,US-4474316-A
US-2014312080-A1,US-4556158-A
US-2014312080-A1,US-5161720-A
US-2014312080-A1,US-5642817-A
US-2014312080-A1,US-6334559-B1
US-2014312080-A1,US-6478168-B1
US-2014312080-A1,US-2004020948-A1
US-2014312080-A1,US-7290686-B2
US-2014312080-A1,US-8444029-B2
US-2014312117-A1,US-4613747-A
US-2014312117-A1,US-8690052-B1
US-2014313600-A1,US-7559709-B2
US-2014315356-A1,US-6333564-B1
US-2014315356-A1,JP-2002350387-A
US-2014315356-A1,US-6579376-B1
US-2014315356-A1,US-2010258544-A1
US-2014315356-A1,US-2011097584-A1
US-2014315356-A1,US-2012108013-A1
US-2014315356-A1,US-8513810-B2
US-2014315356-A1,US-8604576-B2
US-2014316026-A1,US-3036633-A
US-2014316026-A1,US-2007092346-A1
US-2014316026-A1,US-7617870-B1
US-2014316026-A1,US-2010298175-A1
US-2014316026-A1,US-2010314111-A1
US-2014316026-A1,US-2011257333-A1
US-2014318185-A1,US-5774779-A
US-2014318185-A1,US-2002135107-A1
US-2014318185-A1,US-2006103057-A1
US-2014318185-A1,US-2010143215-A1
US-2014318185-A1,US-2012306123-A1
US-2014318927-A1,US-3331486-A
US-2014318927-A1,US-3367534-A
US-2014318927-A1,US-3871515-A
US-2014318927-A1,US-4735343-A
US-2014318927-A1,US-5586637-A
US-2014318927-A1,US-6264063-B1
US-2014318927-A1,US-6669002-B2
US-2014318927-A1,US-2006144764-A1
US-2014318927-A1,US-8191731-B2
US-2014318927-A1,US-8852507-B2
US-2014319429-A1,
US-2014319457-A1,US-2011220867-A1
US-2014319457-A1,US-2011278537-A1
US-2014321088-A1,US-5951304-A
US-2014321088-A1,US-2006049494-A1
US-2014321481-A1,US-2006203851-A1
US-2014321481-A1,US-2007223537-A1
US-2014321481-A1,US-2008175275-A1
US-2014321481-A1,
US-2014322464-A1,US-5736082-A
US-2014322464-A1,US-2011189428-A1
US-2014322464-A1,US-2015315782-A1
US-2014324792-A1,US-2009157717-A1
US-2014324792-A1,US-2009265242-A1
US-2014324792-A1,US-2010023713-A1
US-2014324792-A1,US-2010145771-A1
US-2014324792-A1,US-7814149-B1
US-2014324792-A1,US-2010306185-A1
US-2014324792-A1,US-2011208814-A1
US-2014324792-A1,US-2011225130-A1
US-2014324792-A1,US-2011320865-A1
US-2014324792-A1,US-2012254229-A1
US-2014324792-A1,US-2013006634-A1
US-2014324792-A1,US-8751427-B1
US-2014324792-A1,US-2014214931-A1
US-2014324792-A1,US-2014258370-A1
US-2014324792-A1,US-2015106345-A1
US-2014325742-A1,US-2002088043-A1
US-2014325742-A1,US-2006272067-A1
US-2014326488-A1,US-2001038144-A1
US-2014329886-A1,US-2003232355-A1
US-2014329886-A1,US-2004241855-A1
US-2014329886-A1,WO-2011009624-A1
US-2014329886-A1,
US-2014330437-A1,US-6578169-B1
US-2014330437-A1,US-2007213629-A1
US-2014330437-A1,US-2009018610-A1
US-2014330437-A1,US-2010332917-A1
US-2014330437-A1,US-2011077086-A1
US-2014330600-A1,US-2004193462-A1
US-2014330600-A1,US-2005192915-A1
US-2014330600-A1,US-2007033077-A1
US-2014330600-A1,US-2008071588-A1
US-2014330600-A1,US-2009182594-A1
US-2014330600-A1,US-2009228253-A1
US-2014330600-A1,US-2010043074-A1
US-2014330600-A1,US-2010070088-A1
US-2014330600-A1,US-2011313808-A1
US-2014332583-A1,US-5660316-A
US-2014332583-A1,US-6320155-B1
US-2014332583-A1,US-6474529-B2
US-2014332583-A1,KR-20040080580-A
US-2014332583-A1,US-2008023525-A1
US-2014332583-A1,US-2010294435-A1
US-2014333751-A1,US-2011128295-A1
US-2014334173-A1,US-4740871-A
US-2014334173-A1,US-2005219857-A1
US-2014334173-A1,US-7972046-B2
US-2014334806-A1,US-4489234-A
US-2014334806-A1,US-5487127-A
US-2014334806-A1,US-5937142-A
US-2014334806-A1,US-6016383-A
US-2014334806-A1,US-6167195-A
US-2014334806-A1,US-6434327-B1
US-2014334806-A1,US-7978964-B2
US-2014334806-A1,US-2011263138-A1
US-2014334806-A1,US-2011299282-A1
US-2014334806-A1,US-8582962-B2
US-2014334806-A1,US-2014254150-A1
US-2014334806-A1,US-2016111306-A1
US-2014334918-A1,US-4654941-A
US-2014334918-A1,US-6907733-B2
US-2014334918-A1,US-7322791-B2
US-2014334918-A1,US-2008260520-A1
US-2014334918-A1,JP-2013213494-A
US-2014336094-A1,US-5773406-A
US-2014336094-A1,US-2004072704-A1
US-2014336094-A1,US-7008618-B1
US-2014336094-A1,US-7166563-B2
US-2014336094-A1,US-2007275021-A1
US-2014336094-A1,US-2009200511-A1
US-2014336094-A1,US-2010056647-A1
US-2014336094-A1,US-2011171155-A1
US-2014336094-A1,US-2011301070-A1
US-2014336094-A1,US-2013022556-A1
US-2014336960-A1,US-2010217550-A1
US-2014336960-A1,US-2012083930-A1
US-2014337982-A1,US-2011179477-A1
US-2014337982-A1,US-8789192-B2
US-2014339677-A1,US-8674461-B2
US-2014339677-A1,US-8816435-B2
US-2014339781-A1,US-1522102-A
US-2014339781-A1,US-1675469-A
US-2014339781-A1,US-1855873-A
US-2014339781-A1,US-2484150-A
US-2014339781-A1,US-3345087-A
US-2014339781-A1,US-5171111-A
US-2014339781-A1,US-5782310-A
US-2014339781-A1,US-5791837-A
US-2014339781-A1,US-2005031422-A1
US-2014339781-A1,US-2007166116-A1
US-2014339874-A1,US-4225177-A
US-2014339874-A1,US-4294488-A
US-2014339874-A1,DE-19648974-A1
US-2014339874-A1,US-6398308-B1
US-2014339874-A1,US-2005061904-A1
US-2014339874-A1,US-2006084547-A1
US-2014339874-A1,US-2006138817-A1
US-2014339874-A1,US-2010222174-A1
US-2014339874-A1,US-2011298322-A1
US-2014339874-A1,US-2012273319-A1
US-2014339874-A1,WO-2013159769-A1
US-2014340811-A1,US-2005269936-A1
US-2014340811-A1,US-2007278448-A1
US-2014340811-A1,US-2011003279-A1
US-2014340811-A1,US-2012048609-A1
US-2014340811-A1,US-2012058302-A1
US-2014341602-A1,US-7953339-B2
US-2014341932-A1,US-2006252681-A1
US-2014341932-A1,
US-2014342517-A1,US-2007114599-A1
US-2014342517-A1,US-7790549-B2
US-2014342517-A1,US-8653593-B2
US-2014344324-A1,US-2005038876-A1
US-2014344324-A1,US-2007282621-A1
US-2014345011-P1,
US-2014348068-A1,US-2002012328-A1
US-2014348068-A1,US-2002169883-A1
US-2014348068-A1,US-2004105429-A1
US-2014348068-A1,US-2005117540-A1
US-2014348068-A1,US-2005213566-A1
US-2014348068-A1,US-2006034278-A1
US-2014348068-A1,US-2006050771-A1
US-2014348068-A1,US-2009138577-A1
US-2014348068-A1,US-2009310535-A1
US-2014348068-A1,US-2011044245-A1
US-2014348068-A1,US-2012120831-A1
US-2014348068-A1,US-2013070688-A1
US-2014348520-A1,US-5316539-A
US-2014348520-A1,JP-H09124212-A
US-2014348520-A1,JP-2005288955-A
US-2014348520-A1,JP-2007108618-A
US-2014348520-A1,US-2010268129-A1
US-2014349064-A1,US-2005140861-A1
US-2014349064-A1,US-2007236939-A1
US-2014349064-A1,US-2009110872-A1
US-2014349064-A1,US-2009268472-A1
US-2014349064-A1,US-2012104420-A1
US-2014349064-A1,US-2014033411-A1
US-2014350733-A1,US-2010146466-A1
US-2014350733-A1,US-2012239203-A1
US-2014350733-A1,US-2012253520-A1
US-2014350733-A1,US-2013204440-A1
US-2014350733-A1,US-8523083-B2
US-2014352764-A1,US-4717790-A
US-2014352764-A1,US-5149351-A
US-2014352764-A1,US-5753571-A
US-2014352764-A1,US-6437235-B1
US-2014352764-A1,US-2009114279-A1
US-2014352764-A1,US-2012024692-A1
US-2014352764-A1,US-2012031460-A1
US-2014352764-A1,US-2012080065-A1
US-2014353672-A1,US-6660567-B2
US-2014353672-A1,US-2005094063-A1
US-2014353672-A1,US-2006157711-A1
US-2014353672-A1,US-7342252-B2
US-2014353672-A1,US-7385661-B2
US-2014353672-A1,US-7525623-B2
US-2014353672-A1,US-2009166633-A1
US-2014353672-A1,US-2009322975-A1
US-2014353672-A1,US-7656496-B2
US-2014353672-A1,US-7696529-B2
US-2014353672-A1,US-7719654-B2
US-2014353672-A1,US-2010213463-A1
US-2014353672-A1,US-2010245752-A1
US-2014353672-A1,US-8179503-B2
US-2014353672-A1,US-8319924-B2
US-2014353672-A1,US-8492765-B2
US-2014353672-A1,US-2014054581-A1
US-2014353672-A1,US-2014077160-A1
US-2014353672-A1,US-2014077213-A1
US-2014353672-A1,US-8704962-B2
US-2014353672-A1,US-2014131803-A1
US-2014353672-A1,US-2015070616-A1
US-2014354060-A1,US-4175249-A
US-2014354060-A1,US-6424875-B1
US-2014354060-A1,US-2003071523-A1
US-2014354060-A1,US-2009079412-A1
US-2014354060-A1,US-2011018352-A1
US-2014354060-A1,US-2011241431-A1
US-2014354060-A1,US-2012013180-A1
US-2014354060-A1,US-2013002021-A1
US-2014354060-A1,US-2013033112-A1
US-2014354060-A1,US-2014001865-A1
US-2014354964-A1,US-2006065809-A1
US-2014354964-A1,US-2006164612-A1
US-2014354964-A1,US-2012256071-A1
US-2014354964-A1,US-2012309229-A1
US-2014354964-A1,US-2013264434-A1
US-2014354964-A1,US-2013308251-A1
US-2014354964-A1,US-8985788-B2
US-2014355587-A1,US-7310664-B1
US-2014355587-A1,US-2010180016-A1
US-2014355587-A1,US-2012284517-A1
US-2014355587-A1,US-2014120940-A1
US-2014355967-A1,US-3310652-A
US-2014355967-A1,US-4227068-A
US-2014355967-A1,US-4682009-A
US-2014355967-A1,US-4873422-A
US-2014355967-A1,US-2002076213-A1
US-2014361321-A1,US-2002134987-A1
US-2014361321-A1,US-2006138432-A1
US-2014361321-A1,US-2006175621-A1
US-2014361321-A1,US-2006273336-A1
US-2014361321-A1,US-2007176188-A1
US-2014361321-A1,US-2008035949-A1
US-2014361321-A1,US-2008048202-A1
US-2014361321-A1,US-2008237629-A1
US-2014361321-A1,US-2009289273-A1
US-2014361321-A1,US-2009315054-A1
US-2014361321-A1,US-2011127549-A1
US-2014361321-A1,US-2011220937-A1
US-2014361321-A1,US-2014217457-A1
US-2014362758-A1,US-2010281323-A1
US-2014362758-A1,US-2011103321-A1
US-2014362758-A1,US-2011170458-A1
US-2014362758-A1,US-2013039284-A1
US-2014362758-A1,US-2013044664-A1
US-2014362758-A1,US-2013094458-A1
US-2014362758-A1,US-2013163543-A1
US-2014362758-A1,US-2014044071-A1
US-2014362758-A1,US-8873486-B2
US-2014363238-A1,US-3668877-A
US-2014363238-A1,US-3698144-A
US-2014363238-A1,US-4621950-A
US-2014363238-A1,US-2002007613-A1
US-2014363238-A1,US-2004221543-A1
US-2014363238-A1,US-6872883-B2
US-2014363238-A1,US-6893598-B1
US-2014363238-A1,US-2008019779-A1
US-2014363238-A1,US-2012328374-A1
US-2014363595-A1,US-6565942-B2
US-2014363595-A1,US-2007011970-A1
US-2014363595-A1,US-2008283664-A1
US-2014363595-A1,US-2009277994-A1
US-2014363595-A1,US-2010006702-A1
US-2014363595-A1,US-2010043955-A1
US-2014363595-A1,US-2010080942-A1
US-2014363595-A1,US-2016194865-A1
US-2014363595-A1,
US-2014364162-A1,US-2009305742-A1
US-2014364162-A1,US-2013191908-A1
US-2014365446-A1,US-2004054779-A1
US-2014365446-A1,US-2008104182-A1
US-2014365446-A1,US-2010293252-A1
US-2014365446-A1,US-2013198154-A1
US-2014366798-A1,US-1339112-A
US-2014366798-A1,US-1628932-A
US-2014366798-A1,US-1716479-A
US-2014366798-A1,US-1769071-A
US-2014366798-A1,US-2057579-A
US-2014366798-A1,US-2585440-A
US-2014366798-A1,US-2767806-A
US-2014366798-A1,US-2896743-A
US-2014366798-A1,US-3481115-A
US-2014366798-A1,US-3556734-A
US-2014366798-A1,US-3624696-A
US-2014366798-A1,US-3738627-A
US-2014366798-A1,US-3811252-A
US-2014366798-A1,US-3877909-A
US-2014366798-A1,US-3888642-A
US-2014366798-A1,US-3955945-A
US-2014366798-A1,US-4359329-A
US-2014366798-A1,US-4378728-A
US-2014366798-A1,US-4437867-A
US-2014366798-A1,US-4895083-A
US-2014366798-A1,US-5107756-A
US-2014366798-A1,US-6264745-B1
US-2014366798-A1,US-2007022966-A1
US-2014366798-A1,US-2008110339-A1
US-2014366798-A1,US-2015367372-A1
US-2014366798-A1,US-2016326728-A1
US-2014367171-A1,US-3930749-A
US-2014367171-A1,US-5303785-A
US-2014367171-A1,US-5836404-A
US-2014367171-A1,US-2010025114-A1
US-2014367171-A1,WO-2011112137-A1
US-2014367171-A1,WO-2011157667-A1
US-2014367171-A1,US-2012061146-A1
US-2014367171-A1,US-2013209184-A1
US-2014367171-A1,
US-2014367514-A1,US-3129910-A
US-2014367514-A1,US-3372893-A
US-2014367514-A1,US-3926391-A
US-2014367514-A1,US-6431495-B1
US-2014367514-A1,US-2003222178-A1
US-2014367514-A1,US-6708927-B2
US-2014367514-A1,US-2006181067-A1
US-2014367514-A1,US-2013092796-A1
US-2014367514-A1,
US-2014370800-A1,US-3979922-A
US-2014370800-A1,US-4917074-A
US-2014370800-A1,US-5005636-A
US-2014370800-A1,US-5279609-A
US-2014370800-A1,US-5389120-A
US-2014370800-A1,US-5992160-A
US-2014370800-A1,US-2007289322-A1
US-2014370800-A1,US-7827813-B2
US-2014370941-A1,US-8843173-B2
US-2014370941-A1,US-8892162-B2
US-2014370941-A1,US-2014349692-A1
US-2014373985-A1,US-2006118219-A1
US-2014373985-A1,US-2007289681-A1
US-2014373985-A1,US-2010277944-A1
US-2014373985-A1,US-2011253273-A1
US-2022407097-A1,US-2010003552-A1
US-2022407097-A1,US-2013149621-A1
US-2022408344-A1,US-2013016651-A1
US-2022408344-A1,US-2018116007-A1
US-2022408344-A1,US-2019021123-A1
US-2022408344-A1,US-2019373652-A1
US-2022408344-A1,US-2021160956-A1
US-2022408344-A1,WO-2021139771-A1
US-2022408344-A1,US-11375527-B1
US-2022408344-A1,US-2022361267-A1
US-2022408344-A1,US-2023063139-A1
US-2022408344-A1,US-2023073469-A1
US-2022409941-A1,EP-1410823-A1
US-2022409941-A1,US-2016114238-A1
US-2022409941-A1,AU-2019250208-A1
US-2022409941-A1,US-11229826-B1
US-2022411676-A1,US-2017096586-A1
US-2022411676-A1,
US-2022413099-A1,US-5854870-A
US-2022413099-A1,US-9287450-B2
US-2022415373-A1,US-6737695-B2
US-2022415373-A1,US-8861290-B2
US-2022415373-A1,US-9324392-B1
US-2022415373-A1,US-2017117034-A1
US-2022415373-A1,US-9734910-B1
US-2022415373-A1,US-2019102359-A1
US-2022415373-A1,US-10360971-B1
US-2022415373-A1,US-2019392896-A1
US-2022415373-A1,US-2021027814-A1
US-2022415373-A1,US-11194490-B1
US-2022417415-A1,US-2016103209-A1
US-2022417415-A1,US-2019346743-A1
US-2022417415-A1,US-2019354747-A1
US-2023001990-A1,US-2013169000-A1
US-2023001990-A1,WO-2015080086-A1
US-2023001990-A1,CN-104786970-A
US-2023001990-A1,US-2019366964-A1
US-2023001990-A1,US-10525920-B2
US-2023001990-A1,US-2021380056-A1
US-2023001990-A1,US-11752961-B2
US-2023001990-A1,
US-2023002645-A1,US-2019357366-A1
US-2023003769-A1,US-2008285845-A1
US-2023003769-A1,US-2016126882-A1
US-2023003769-A1,US-2022199317-A1
US-2023004789-A1,US-2003142533-A1
US-2023004789-A1,US-7173310-B2
US-2023004789-A1,US-2011119215-A1
US-2023004789-A1,US-9852790-B1
US-2023004789-A1,US-10079229-B1
US-2023004789-A1,US-2019012593-A1
US-2023004789-A1,US-2019236445-A1
US-2023004789-A1,US-11461620-B2
US-2023006099-A1,US-2004063233-A1
US-2023006099-A1,KR-20190070588-A
US-2023006099-A1,CN-111129245-A
US-2023006099-A1,US-2021233795-A1
US-2023006416-A1,US-2002149314-A1
US-2023006416-A1,US-2011206079-A1
US-2023007942-A1,US-2009139927-A1
US-2023007942-A1,US-8037838-B2
US-2023008502-A1,US-2008086464-A1
US-2023008502-A1,US-2013198237-A1
US-2023008502-A1,US-2015356140-A1
US-2023008502-A1,US-2015356139-A1
US-2023008502-A1,US-2020042518-A1
US-2023008794-A1,US-10842264-B1
US-2023010272-A1,US-4710640-A
US-2023010272-A1,US-6483117-B1
US-2023010272-A1,US-7495877-B2
US-2023011673-A1,US-2012134208-A1
US-2023011673-A1,US-2016064054-A1
US-2023011673-A1,US-2018025766-A1
US-2023011673-A1,US-2022068357-A1
US-2023012452-A1,US-2007042490-A1
US-2023012899-A1,US-11508664-B2
US-2023012947-A1,US-5816619-A
US-2023012947-A1,US-2006213384-A1
US-2023012947-A1,US-2016001577-A1
US-2023012947-A1,EP-2982510-A1
US-2023012947-A1,US-2018215136-A1
US-2023012947-A1,
US-2023013511-A1,US-2010208033-A1
US-2023013511-A1,US-2015302652-A1
US-2023013511-A1,US-2016148433-A1
US-2023013511-A1,US-2018217600-A1
US-2023013511-A1,US-2020034624-A1
US-2023013511-A1,
US-2023013770-A1,US-2004023010-A1
US-2023013770-A1,US-2012266959-A1
US-2023013770-A1,CN-106904728-A
US-2023013770-A1,CN-107913723-A
US-2023013770-A1,US-2022135442-A1
US-2023015292-A1,US-11478792-B2
US-2023015561-A1,US-3854324-A
US-2023015561-A1,US-5120420-A
US-2023015561-A1,US-5120420-B1
US-2023015561-A1,US-5985116-A
US-2023015561-A1,US-RE40198-E
US-2023015561-A1,US-2009020439-A1
US-2023015561-A1,US-2009236222-A1
US-2023015561-A1,US-2010193378-A1
US-2023015561-A1,US-2013284610-A1
US-2023015561-A1,US-2016299138-A1
US-2023015561-A1,US-2017146530-A1
US-2023015561-A1,US-2018251811-A1
US-2023015561-A1,US-2019216359-A1
US-2023015561-A1,US-2021016275-A1
US-2023015561-A1,
US-2023015562-A1,US-4742458-A
US-2023015562-A1,US-2006116725-A1
US-2023015562-A1,US-2006116595-A1
US-2023015562-A1,US-7376458-B2
US-2023015562-A1,US-7477935-B2
US-2023015562-A1,US-2011184297-A1
US-2023015562-A1,US-2018185660-A1
US-2023016538-A1,US-2015120305-A1
US-2023016538-A1,US-2015256668-A1
US-2023016538-A1,US-2016059864-A1
US-2023016538-A1,US-2017323639-A1
US-2023016538-A1,US-10291996-B1
US-2023016538-A1,US-10423845-B2
US-2023016538-A1,US-10674003-B1
US-2023016538-A1,US-10999419-B1
US-2023016538-A1,US-2022182819-A1
US-2023016538-A1,US-11516643-B1
US-2023018289-A1,DE-1206835-B
US-2023018289-A1,CN-2316320-Y
US-2023018289-A1,US-2007160710-A1
US-2023018289-A1,US-2015201651-A1
US-2023018289-A1,US-9988596-B2
US-2023018741-A1,
US-2023022343-A1,US-2015382100-A1
US-2023022639-A1,US-2019221267-A1
US-2023022639-A1,US-2021065809-A1
US-2023022753-A1,US-2017064204-A1
US-2023022753-A1,US-2019096046-A1
US-2023022753-A1,US-2019244331-A1
US-2023022753-A1,US-2021158512-A1
US-2023022753-A1,EP-3836527-A1
US-2023022753-A1,
US-2023029428-A1,US-2014061344-A1
US-2023029428-A1,US-2018206677-A1
US-2023029428-A1,US-2019307049-A1
US-2023030392-A1,US-2013188707-A1
US-2023030392-A1,US-2014286536-A1
US-2023030392-A1,US-2017347120-A1
US-2023030392-A1,US-2018025529-A1
US-2023030392-A1,US-2018130224-A1
US-2023030392-A1,US-2019172249-A1
US-2023030392-A1,US-2019349598-A1
US-2023030392-A1,US-2020045292-A1
US-2023030392-A1,US-2020314449-A1
US-2023032972-A1,US-5285942-A
US-2023032972-A1,US-5415333-A
US-2023032972-A1,US-5582313-A
US-2023032972-A1,US-5799848-A
US-2023032972-A1,US-5827036-A
US-2023032972-A1,US-2005045678-A1
US-2023032972-A1,US-2006043130-A1
US-2023032972-A1,US-2007119886-A1
US-2023032972-A1,US-2008017679-A1
US-2023032972-A1,US-2011186608-A1
US-2023032972-A1,US-2013264366-A1
US-2023032972-A1,US-2014132022-A1
US-2023032972-A1,US-2014158727-A1
US-2023032972-A1,US-10286853-B1
US-2023032972-A1,US-10569714-B2
US-2023032972-A1,US-2021245670-A1
US-2023032972-A1,US-2023032110-A1
US-2023033878-A1,US-2015343843-A1
US-2023033878-A1,EP-3385091-A1
US-2023033878-A1,US-2019062534-A1
US-2023033878-A1,US-2019062537-A1
US-2023033878-A1,US-2020071506-A1
US-2023033878-A1,US-10626254-B1
US-2023033878-A1,
US-2023035379-A1,US-2018013511-A1
US-2023035379-A1,US-2019181999-A1
US-2023035379-A1,US-2020014480-A1
US-2023035379-A1,US-2020112383-A1
US-2023035379-A1,US-2020259580-A1
US-2023035379-A1,US-2021091871-A1
US-2023035379-A1,US-2022416895-A1
US-2023037484-A1,US-2015177838-A1
US-2023037484-A1,US-2018314349-A1
US-2023037484-A1,US-10892625-B1
US-2023037484-A1,US-2021288687-A1
US-2023037484-A1,US-11452311-B1
US-2023037484-A1,US-D984428-S
US-2023037484-A1,US-D986871-S
US-2023037484-A1,US-2023361799-A1
US-2023037484-A1,US-11870481-B1
US-2023037970-A1,US-2012134313-A1
US-2023037970-A1,US-2014093082-A1
US-2023037970-A1,US-2015026453-A1
US-2023037970-A1,US-2021144727-A1
US-2023038621-A1,US-2007231487-A1
US-2023038621-A1,US-9193595-B2
US-2023040712-A1,US-10483166-B1
US-2023040712-A1,US-10879308-B1
US-2023040712-A1,US-2021296184-A1
US-2023040716-A1,US-2020200219-A1
US-2023040716-A1,US-2021115238-A1
US-2023041596-A1,US-2007267678-A1
US-2023041596-A1,US-7314793-B2
US-2023041596-A1,US-2009212376-A1
US-2023041596-A1,US-2012025328-A1
US-2023041596-A1,US-8294186-B2
US-2023041596-A1,US-8502288-B2
US-2023041596-A1,US-2013277686-A1
US-2023041596-A1,US-2016111543-A1
US-2023041596-A1,US-2016163815-A1
US-2023041596-A1,US-10797157-B1
US-2023041797-A1,US-2019074328-A1
US-2023041797-A1,US-2019129537-A1
US-2023041797-A1,US-2020089351-A1
US-2023041797-A1,US-2020159350-A1
US-2023042169-A1,US-2010016439-A1
US-2023042494-A1,US-2017163850-A1
US-2023042842-A1,US-2018302847-A1
US-2023042842-A1,US-2019116513-A1
US-2023042842-A1,US-2019349067-A1
US-2023042842-A1,US-2020162963-A1
US-2023042842-A1,US-2021136605-A1
US-2023042842-A1,US-2021385006-A1
US-2023044148-A1,US-2018324708-A1
US-2023044148-A1,US-2019098585-A1
US-2023044148-A1,US-2019149365-A1
US-2023044148-A1,US-2019174466-A1
US-2023044148-A1,US-2020100239-A1
US-2023044148-A1,US-2020107358-A1
US-2023044148-A1,US-10986661-B2
US-2023044148-A1,US-2021153185-A1
US-2023044148-A1,US-2021289402-A1
US-2023044148-A1,US-2021399845-A1
US-2023044148-A1,US-2022095330-A1
US-2023044148-A1,US-11477810-B2
US-2023044148-A1,
US-2023046688-A1,US-2018276656-A1
US-2023046688-A1,US-2020104942-A1
US-2023046984-A1,US-2020212978-A1
US-2023046984-A1,US-2021337549-A1
US-2023046984-A1,US-2022095145-A1
US-2023046984-A1,US-2023039220-A1
US-2023047055-A1,JP-H0195781-A
US-2023047055-A1,WO-9015136-A1
US-2023047055-A1,CN-104130074-A
US-2023047055-A1,CN-105557294-A
US-2023047055-A1,
US-2023047194-A1,US-2007232021-A1
US-2023047194-A1,US-7713887-B2
US-2023047194-A1,DE-102019110531-B3
US-2023047194-A1,US-2020119003-A1
US-2023047194-A1,US-2020135932-A1
US-2023047194-A1,US-10755964-B1
US-2023047194-A1,US-2021036121-A1
US-2023048190-A1,US-2006056293-A1
US-2023048190-A1,US-2006230126-A1
US-2023052278-A1,US-2003202101-A1
US-2023052278-A1,US-2004117638-A1
US-2023052278-A1,US-2013091432-A1
US-2023052278-A1,US-2013198224-A1
US-2023052278-A1,JP-2016009278-A
US-2023052278-A1,US-2016134843-A1
US-2023052278-A1,US-2018253603-A1
US-2023052568-A1,JP-2009049844-A
US-2023052568-A1,JP-2010010945-A
US-2023052568-A1,CN-204948312-U
US-2023052568-A1,CN-206380059-U
US-2023052568-A1,US-2019253547-A1
US-2023052568-A1,US-10743094-B2
US-2023052568-A1,
US-2023055602-A1,US-2006132885-A1
US-2023055602-A1,US-2017327476-A1
US-2023055602-A1,US-2019103644-A1
US-2023055745-A1,JP-2000219097-A
US-2023055745-A1,US-2004162683-A1
US-2023055745-A1,US-2007252633-A1
US-2023055745-A1,US-7324902-B2
US-2023055745-A1,US-2010177538-A1
US-2023055745-A1,US-2011133757-A1
US-2023055745-A1,US-8892198-B2
US-2023055745-A1,US-2015260800-A1
US-2023055745-A1,US-2016131720-A1
US-2023055745-A1,US-2017336463-A1
US-2023055745-A1,US-2020060574-A1
US-2023055745-A1,US-2022043070-A1
US-2023055899-A1,US-1352490-A
US-2023055899-A1,US-2235709-A
US-2023055899-A1,US-2894308-A
US-2023055899-A1,US-4619365-A
US-2023055899-A1,US-6065849-A
US-2023055899-A1,US-2007108080-A1
US-2023055899-A1,US-2007261216-A1
US-2023055899-A1,US-2009190336-A1
US-2023055899-A1,US-2012285103-A1
US-2023055899-A1,US-2014117014-A1
US-2023055899-A1,US-2017328390-A1
US-2023055899-A1,US-11014702-B1
US-2023055899-A1,US-11129371-B1
US-2023057188-A1,US-2003184730-A1
US-2023057188-A1,US-2006204071-A1
US-2023057188-A1,US-2014247973-A1
US-2023059114-A1,US-3322381-A
US-2023059114-A1,US-3468428-A
US-2023059114-A1,US-D280111-S
US-2023059114-A1,US-5160105-A
US-2023059114-A1,US-5642557-A
US-2023059114-A1,US-5735230-A
US-2023059114-A1,US-D421318-S
US-2023059114-A1,US-7597296-B2
US-2023063022-A1,US-2007202405-A1
US-2023063022-A1,US-2010273054-A1
US-2023063022-A1,US-2014162119-A1
US-2023063022-A1,JP-2015118892-A
US-2023063022-A1,JP-2017152359-A
US-2023063022-A1,US-2021083286-A1
US-2023063022-A1,WO-2021111551-A1
US-2023063022-A1,
US-2023064182-A1,US-2010247355-A1
US-2023064182-A1,US-10508651-B2
US-2023064182-A1,US-2020049156-A1
US-2023064182-A1,US-10716408-B2
US-2023065173-A1,US-2019122097-A1
US-2023065173-A1,US-2019221311-A1
US-2023065173-A1,US-2021294875-A1
US-2023065173-A1,
US-2023067252-A1,US-7410340-B2
US-2023067252-A1,US-7673735-B2
US-2023067252-A1,US-8235000-B2
US-2023067252-A1,US-8430229-B2
US-2023067252-A1,US-8734079-B1
US-2023067252-A1,US-8882431-B2
US-2023067252-A1,US-9824907-B2
US-2023067252-A1,US-10593575-B2
US-2023067252-A1,US-11538704-B2
US-2023067252-A1,
US-2023070639-A1,US-2020064784-A1
US-2023070639-A1,WO-2020154962-A1
US-2023070639-A1,US-2020284883-A1
US-2023070639-A1,US-2022120845-A1
US-2023077405-A1,US-6323869-B1
US-2023077405-A1,US-2001051881-A1
US-2023077405-A1,US-2002016922-A1
US-2023077405-A1,US-2002048222-A1
US-2023077405-A1,US-6647157-B1
US-2023077405-A1,US-2004114172-A1
US-2023077405-A1,US-2004184643-A1
US-2023077405-A1,US-6801340-B1
US-2023077405-A1,US-2005001850-A1
US-2023077405-A1,US-2005226408-A1
US-2023077405-A1,US-2006155577-A1
US-2023077405-A1,US-2006168338-A1
US-2023077405-A1,US-2006184672-A1
US-2023077405-A1,US-2006190742-A1
US-2023077405-A1,US-7116807-B1
US-2023077405-A1,US-2006235871-A1
US-2023077405-A1,US-2006239394-A1
US-2023077405-A1,US-2006282447-A1
US-2023077405-A1,US-2007041647-A1
US-2023077405-A1,US-2007055538-A1
US-2023077405-A1,US-2007064703-A1
US-2023077405-A1,US-7196718-B1
US-2023077405-A1,US-2007099605-A1
US-2023077405-A1,US-2007118540-A1
US-2023077405-A1,US-2007168461-A1
US-2023077405-A1,US-2007192138-A1
US-2023077405-A1,US-2007192140-A1
US-2023077405-A1,US-2007299853-A1
US-2023077405-A1,US-2008016244-A1
US-2023077405-A1,US-2008021730-A1
US-2023077405-A1,US-2008021741-A1
US-2023077405-A1,US-2008027974-A1
US-2023077405-A1,US-2008052112-A1
US-2023077405-A1,US-2008059245-A1
US-2023077405-A1,US-2008109250-A1
US-2023077405-A1,US-2008141107-A1
US-2023077405-A1,US-2009112882-A1
US-2023077405-A1,US-2009138563-A1
US-2023077405-A1,US-2009157837-A1
US-2023077405-A1,US-2009164253-A1
US-2023077405-A1,US-2009164504-A1
US-2023077405-A1,US-2009164255-A1
US-2023077405-A1,US-2009165504-A1
US-2023077405-A1,US-2009245573-A1
US-2023077405-A1,US-7613478-B2
US-2023077405-A1,US-2009274384-A1
US-2023077405-A1,US-2009287505-A1
US-2023077405-A1,US-2009292559-A1
US-2023077405-A1,US-2009327246-A1
US-2023077405-A1,US-2010082370-A1
US-2023077405-A1,US-2010094700-A1
US-2023077405-A1,US-2010115288-A1
US-2023077405-A1,US-2010246981-A1
US-2023077405-A1,US-2010250497-A1
US-2023077405-A1,US-2011088293-A1
US-2023077405-A1,US-2011110568-A1
US-2023077405-A1,US-7953614-B1
US-2023077405-A1,US-2011130119-A1
US-2023077405-A1,US-2011138269-A1
US-2023077405-A1,US-2011161450-A1
US-2023077405-A1,US-8108432-B2
US-2023077405-A1,US-2012041786-A1
US-2023077405-A1,US-2012143625-A1
US-2023077405-A1,US-2012179670-A1
US-2023077405-A1,US-2013021635-A1
US-2023077405-A1,US-2013097086-A1
US-2023077405-A1,US-2014142983-A1
US-2023077405-A1,US-2014152466-A1
US-2023077405-A1,US-2020000751-A1
US-2023077405-A1,US-2022116364-A1
US-2023078602-A1,US-2010276992-A1
US-2023078602-A1,US-8058749-B2
US-2023078602-A1,US-2014070617-A1
US-2023078602-A1,US-2014088781-A1
US-2023078602-A1,US-2014256330-A1
US-2023078602-A1,CN-103117564-B
US-2023078602-A1,CN-104362521-A
US-2023078602-A1,US-2015063473-A1
US-2023078602-A1,US-2015241896-A1
US-2023078602-A1,US-2015326015-A1
US-2023078602-A1,CN-105449822-A
US-2023078602-A1,US-9351170-B2
US-2023078602-A1,US-2016233674-A1
US-2023078602-A1,US-2017047736-A1
US-2023078602-A1,US-9768832-B2
US-2023078602-A1,US-2018079175-A1
US-2023078602-A1,US-2018331537-A1
US-2023078602-A1,CN-109256836-A
US-2023078602-A1,US-10348087-B2
US-2023078602-A1,US-2019393723-A1
US-2023078602-A1,US-10756540-B2
US-2023078602-A1,US-10880362-B2
US-2023078602-A1,US-11018523-B2
US-2023078602-A1,US-11014680-B2
US-2023078602-A1,US-11264826-B2
US-2023078602-A1,US-2022181903-A1
US-2023078602-A1,US-2022413944-A1
US-2023078602-A1,US-12086007-B2
US-2023078602-A1,US-12224618-B2
US-2023079738-A1,US-6010029-A
US-2023079738-A1,US-6443336-B2
US-2023079738-A1,US-6626314-B1
US-2023079738-A1,US-2013213966-A1
US-2023079738-A1,US-10683147-B2
US-2023079738-A1,US-2021354889-A1
US-2023079738-A1,US-2021403207-A1
US-2023079738-A1,US-2022015560-A1
US-2023080812-A1,DE-3704134-A1
US-2023080812-A1,US-2009110866-A1
US-2023080812-A1,US-2017259532-A1
US-2023080812-A1,US-2017328121-A1
US-2023080812-A1,WO-2020255974-A1
US-2023082394-A1,US-2006122882-A1
US-2023082394-A1,US-2009132761-A1
US-2023082394-A1,US-2010017441-A1
US-2023082394-A1,US-2010070588-A1
US-2023082394-A1,US-8261286-B1
US-2023082394-A1,US-2017206029-A1
US-2023082394-A1,US-2018150242-A1
US-2023082921-A1,SU-1583115-A1
US-2023082921-A1,US-5842896-A
US-2023082921-A1,US-6899581-B1
US-2023082921-A1,US-7125299-B1
US-2023082921-A1,US-D748752-S
US-2023082921-A1,US-D778380-S
US-2023082921-A1,US-9782627-B1
US-2023089830-A1,WO-2018183214-A1
US-2023090791-A1,US-2009313376-A1
US-2023090791-A1,US-2013195036-A1
US-2023090791-A1,US-2014056163-A1
US-2023091667-A1,US-2018211115-A1
US-2023091667-A1,US-2020125956-A1
US-2023091667-A1,US-2020265487-A1
US-2023091667-A1,US-2020380389-A1
US-2023091667-A1,US-2021073641-A1
US-2023091667-A1,US-2023229895-A1
US-2023092050-A1,US-6467284-B1
US-2023092050-A1,US-2016146479-A1
US-2023092050-A1,US-2016363357-A1
US-2023092050-A1,US-2021025616-A1
US-2023093671-A1,US-7427957-B2
US-2023093671-A1,US-2017033461-A1
US-2023093671-A1,US-2022352636-A1
US-2023094445-A1,WO-2018107399-A1
US-2023094445-A1,CN-108237559-A
US-2023094445-A1,US-2019299388-A1
US-2023094703-A1,US-10553998-B2
US-2023096165-A1,US-2020178135-A1
US-2023096165-A1,US-2021014930-A1
US-2023096165-A1,US-2021250781-A1
US-2023096165-A1,US-2021250816-A1
US-2023096165-A1,US-2021297149-A1
US-2023096165-A1,US-2021321357-A1
US-2023096165-A1,US-2022225224-A1
US-2023096165-A1,US-2023140643-A1
US-2023096165-A1,US-2024340855-A1
US-2023096165-A1,US-2024406816-A1
US-2023096165-A1,
US-2023096322-A1,
US-2023096853-A1,US-5718787-A
US-2023096853-A1,US-2016362338-A1
US-2023096853-A1,US-10697133-B1
US-2023096925-A1,US-2019313321-A1
US-2023096925-A1,US-2020413412-A1
US-2023096925-A1,WO-2022216603-A1
US-2023096925-A1,US-2023371043-A1
US-2023096925-A1,US-2024064760-A1
US-2023098190-A1,US-2021334275-A1
US-2023100210-A1,US-9599632-B2
US-2023100210-A1,US-2020158810-A1
US-2023100210-A1,US-10830606-B2
US-2023100210-A1,US-11520000-B2
US-2023100218-A1,US-10405604-B2
US-2023100218-A1,US-11517071-B2
US-2023104362-A1,US-2009139569-A1
US-2023104362-A1,CN-101842934-A
US-2023104362-A1,US-2017236650-A1
US-2023104362-A1,EP-3407361-A1
US-2023104362-A1,
US-2023107507-A1,US-2008233155-A1
US-2023107507-A1,US-2008254058-A1
US-2023107507-A1,US-2009169582-A1
US-2023107507-A1,US-2009297564-A1
US-2023107507-A1,US-9402896-B2
US-2023107507-A1,US-10071157-B2
US-2023107507-A1,
US-2023108075-A1,US-2020242780-A1
US-2023108075-A1,
US-2023108747-A1,WO-9621424-A2
US-2023108747-A1,WO-2005075623-A1
US-2023108747-A1,US-2020170894-A1
US-2023109554-A1,US-3026816-A
US-2023109554-A1,US-7966941-B1
US-2023109554-A1,US-2011239898-A1
US-2023109554-A1,DE-202011103593-U1
US-2023109554-A1,US-8640626-B2
US-2023109554-A1,US-2018001126-A1
US-2023109554-A1,US-10092788-B2
US-2023109554-A1,US-D893286-S
US-2023109554-A1,US-D936462-S
US-2023109554-A1,
US-2023111806-A1,US-2020404278-A1
US-2023111806-A1,US-2021044816-A1
US-2023111806-A1,US-2021185321-A1
US-2023111806-A1,US-2021321137-A1
US-2023111806-A1,US-2021377525-A1
US-2023111806-A1,US-2022007043-A1
US-2023111806-A1,US-2022070473-A1
US-2023111806-A1,US-2022109878-A1
US-2023111806-A1,US-2022109877-A1
US-2023111806-A1,US-2022191527-A1
US-2023111806-A1,US-2022224884-A1
US-2023112425-A1,US-5832636-A
US-2023112425-A1,US-2008070001-A1
US-2023112425-A1,US-2018282201-A1
US-2023113139-A1,US-2004107382-A1
US-2023113139-A1,US-7289437-B2
US-2023113139-A1,US-7725035-B2
US-2023113139-A1,US-2013156416-A1
US-2023113139-A1,US-8472313-B2
US-2023113139-A1,US-8681654-B2
US-2023113139-A1,US-8761601-B2
US-2023113139-A1,US-2015229544-A1
US-2023113139-A1,US-2015312658-A1
US-2023113139-A1,US-9413634-B2
US-2023113139-A1,US-2017155462-A1
US-2023113139-A1,US-9838111-B2
US-2023113139-A1,US-10038495-B2
US-2023113139-A1,US-10148349-B2
US-2023113139-A1,US-10193791-B2
US-2023113139-A1,US-10284290-B2
US-2023113139-A1,US-10411824-B2
US-2023113139-A1,US-10594393-B2
US-2023113139-A1,US-10666359-B2
US-2023113139-A1,US-2020403907-A1
US-2023113139-A1,
US-2023115009-A1,
US-2023118491-A1,US-4547073-A
US-2023118491-A1,US-5674756-A
US-2023118491-A1,US-6066571-A
US-2023118491-A1,US-6140210-A
US-2023118491-A1,US-2002155630-A1
US-2023118491-A1,US-2002174828-A1
US-2023118491-A1,US-6544656-B1
US-2023118491-A1,US-6726319-B1
US-2023118491-A1,US-2006280222-A1
US-2023118491-A1,US-2007044709-A1
US-2023118491-A1,US-2008153186-A1
US-2023118491-A1,US-2010111802-A1
US-2023118491-A1,US-2010290971-A1
US-2023118491-A1,US-2011001219-A1
US-2023118491-A1,US-2012293793-A1
US-2023118491-A1,US-2013192303-A1
US-2023118491-A1,US-2014125374-A1
US-2023118491-A1,US-2016322233-A1
US-2023118491-A1,US-2018190547-A1
US-2023118544-A1,US-2018230415-A1
US-2023118544-A1,US-2018356399-A1
US-2023119026-A1,US-5441344-A
US-2023119026-A1,US-2004016348-A1
US-2023119026-A1,US-2012000903-A1
US-2023119026-A1,US-2015208858-A1
US-2023119026-A1,US-2016316968-A1
US-2023119036-A1,US-2009021536-A1
US-2023119036-A1,US-2009167649-A1
US-2023119036-A1,US-2018301080-A1
US-2023119036-A1,US-2020111403-A1
US-2023119036-A1,US-2020312229-A1
US-2023119036-A1,US-2020394953-A1
US-2023119036-A1,US-2022101783-A1
US-2023119850-A1,US-6719969-B1
US-2023119850-A1,WO-2016168728-A2
US-2023119850-A1,US-11452782-B2
US-2023121027-A1,US-3913607-A
US-2023121027-A1,US-3977432-A
US-2023121027-A1,US-2022100213-A1
US-2023121054-A1,
US-2023121700-A1,US-10710994-B2
US-2023121700-A1,
US-2023121914-A1,US-5452184-A
US-2023121914-A1,US-6295701-B1
US-2023121914-A1,US-2004228678-A1
US-2023121914-A1,AT-512397-B1
US-2023121914-A1,US-2017363237-A1
US-2023121914-A1,US-2018328525-A1
US-2023121914-A1,US-2021285581-A1
US-2023121914-A1,US-2022333723-A1
US-2023121914-A1,US-2023392735-A1
US-2023121914-A1,
US-2023122147-A1,US-2001003044-A1
US-2023122147-A1,US-2014160466-A1
US-2023122147-A1,US-2014320513-A1
US-2023122147-A1,US-2016313255-A1
US-2023122147-A1,US-2017333895-A1
US-2023122147-A1,US-2018196193-A1
US-2023122515-A1,US-2765930-A
US-2023122515-A1,US-3640564-A
US-2023122515-A1,US-4739692-A
US-2023122515-A1,US-5019121-A
US-2023122515-A1,US-5067390-A
US-2023122515-A1,US-5080000-A
US-2023122515-A1,US-5727391-A
US-2023122515-A1,US-6419291-B1
US-2023122515-A1,US-2017056118-A1
US-2023122515-A1,US-9835184-B2
US-2023122515-A1,US-2018017088-A1
US-2023122515-A1,US-11618159-B2
US-2023122670-A1,US-2009163545-A1
US-2023122670-A1,
US-2023124208-A1,DE-102016108267-A1
US-2023124208-A1,CN-111208083-A
US-2023124208-A1,JP-WO2020158506-A1
US-2023124677-A1,US-3310099-A
US-2023124677-A1,US-5274499-A
US-2023124677-A1,US-6446693-B1
US-2023124677-A1,US-6516858-B1
US-2023124677-A1,US-6536503-B1
US-2023124677-A1,US-6655441-B2
US-2023124677-A1,US-2004163774-A1
US-2023124677-A1,US-7740045-B2
US-2023124677-A1,US-8307878-B2
US-2023124677-A1,US-8540005-B2
US-2023124677-A1,US-8752607-B2
US-2023124677-A1,US-8820388-B2
US-2023124677-A1,US-2014311686-A1
US-2023124677-A1,US-8939190-B2
US-2023124677-A1,US-9091115-B2
US-2023124677-A1,US-9103157-B2
US-2023124677-A1,US-9371687-B2
US-2023124677-A1,US-9470040-B2
US-2023124677-A1,US-9489834-B2
US-2023124677-A1,US-2017067286-A1
US-2023124677-A1,US-9663986-B2
US-2023124677-A1,US-9810020-B2
US-2023124677-A1,US-9988837-B2
US-2023124677-A1,US-2019119978-A1
US-2023124677-A1,US-10655386-B2
US-2023124677-A1,US-10655384-B2
US-2023124677-A1,US-10781631-B2
US-2023124677-A1,US-10895105-B1
US-2023124677-A1,US-2022316272-A1
US-2023124677-A1,US-2022333438-A1
US-2023127062-A1,US-4678461-A
US-2023127062-A1,US-7449012-B2
US-2023127062-A1,US-8048035-B2
US-2023127062-A1,US-9586010-B2
US-2023128881-A1,US-2008140442-A1
US-2023128881-A1,US-2010275024-A1
US-2023128881-A1,US-8448241-B1
US-2023128881-A1,US-2017026363-A1
US-2023129946-A1,US-2012169863-A1
US-2023129946-A1,US-2016110584-A1
US-2023129946-A1,US-2018005095-A1
US-2023129946-A1,US-2018249919-A1
US-2023129946-A1,US-2019383793-A1
US-2023132462-A1,US-4556994-A
US-2023132462-A1,US-4667348-A
US-2023132462-A1,US-2001039674-A1
US-2023132462-A1,US-6640345-B2
US-2023132462-A1,US-6748607-B1
US-2023132462-A1,US-2008134415-A1
US-2023132462-A1,US-2017224043-A1
US-2023132462-A1,US-2021337912-A1
US-2023132462-A1,US-2021345722-A1
US-2023132462-A1,US-2022378141-A1
US-2023132782-A1,CN-101701245-A
US-2023132782-A1,US-8034838-B2
US-2023132782-A1,US-2016367517-A1
US-2023132782-A1,US-10123991-B2
US-2023132782-A1,US-10383842-B2
US-2023132782-A1,
US-2023132869-A1,US-7408772-B2
US-2023132869-A1,US-7481704-B2
US-2023132869-A1,US-10231361-B2
US-2023132869-A1,US-10240615-B1
US-2023133329-A1,US-2012109458-A1
US-2023133329-A1,US-2021116907-A1
US-2023135995-A1,US-2021217213-A1
US-2023138301-A1,US-4119249-A
US-2023138301-A1,US-4843649-A
US-2023138301-A1,US-5724707-A
US-2023138301-A1,US-2004200111-A1
US-2023138301-A1,US-7448115-B2
US-2023138301-A1,US-7963427-B2
US-2023138301-A1,US-8474670-B1
US-2023138301-A1,US-8485405-B2
US-2023138301-A1,US-2017231372-A1
US-2023138301-A1,US-10159330-B2
US-2023138301-A1,US-10274296-B2
US-2023138301-A1,US-10605574-B2
US-2023138301-A1,US-10724820-B1
US-2023138301-A1,US-11085716-B2
US-2023138367-A1,US-2019317739-A1
US-2023138367-A1,US-10504268-B1
US-2023138367-A1,US-2020151508-A1
US-2023138367-A1,US-2021303886-A1
US-2023138367-A1,US-2021406673-A1
US-2023138367-A1,US-11366963-B1
US-2023138367-A1,US-2023106159-A1
US-2023138368-A1,US-2009258631-A1
US-2023138368-A1,US-8650622-B2
US-2023138368-A1,US-2015163061-A1
US-2023138368-A1,US-2017085563-A1
US-2023138368-A1,US-9819672-B1
US-2023138368-A1,US-2019372958-A1
US-2023138368-A1,US-2021288808-A1
US-2023138368-A1,US-2022377064-A1
US-2023138368-A1,US-11546159-B2
US-2023138368-A1,US-2023146453-A1
US-2023139094-A1,US-2010155845-A1
US-2023139547-A1,US-2011025537-A1
US-2023139547-A1,US-2014062745-A1
US-2023145790-A1,US-2014081659-A1
US-2023145790-A1,WO-2020075545-A1
US-2023147049-A1,US-5603706-A
US-2023147049-A1,US-5839715-A
US-2023147049-A1,US-2008073906-A1
US-2023147049-A1,US-2009043253-A1
US-2023147900-A1,JP-H08169275-A
US-2023147900-A1,KR-200300405-Y1
US-2023147900-A1,US-2005254251-A1
US-2023147900-A1,US-2010302793-A1
US-2023147900-A1,US-2021053639-A1
US-2023147900-A1,US-2021188090-A1
US-2023147900-A1,US-2022258606-A1
US-2023149681-A1,US-2016082626-A1
US-2023149681-A1,US-2020009767-A1
US-2023149720-A1,US-5941904-A
US-2023149720-A1,US-2004222637-A1
US-2023149720-A1,US-2005027332-A1
US-2023149720-A1,US-2005256549-A1
US-2023149720-A1,US-2006184206-A1
US-2023149720-A1,US-2007156053-A1
US-2023149720-A1,US-2007276444-A1
US-2023149720-A1,US-2007293904-A1
US-2023149720-A1,US-2009171408-A1
US-2023149720-A1,US-2009171404-A1
US-2023149720-A1,US-2012059389-A1
US-2023149720-A1,US-8135469-B2
US-2023149720-A1,US-8217523-B2
US-2023149720-A1,US-8311632-B2
US-2023149720-A1,US-2012290043-A1
US-2023149720-A1,US-2014243848-A1
US-2023149720-A1,US-9014818-B2
US-2023149720-A1,US-2019028040-A1
US-2023149720-A1,US-2019381324-A1
US-2023149720-A1,US-2020147398-A1
US-2023150135-A1,US-2012245735-A1
US-2023150135-A1,US-2013231822-A1
US-2023150135-A1,US-2014288705-A1
US-2023150135-A1,US-2017043486-A1
US-2023150135-A1,US-2023014536-A1
US-2023150135-A1,
US-2023151479-A1,US-6256441-B1
US-2023151479-A1,WO-2018017684-A1
US-2023151479-A1,WO-2019241012-A1
US-2023155306-A1,US-5704801-A
US-2023155306-A1,US-6238233-B1
US-2023155306-A1,US-8328586-B2
US-2023155306-A1,US-2016028291-A1
US-2023155472-A1,US-2006152203-A1
US-2023155472-A1,US-2021175804-A1
US-2023155472-A1,US-2022123647-A1
US-2023155651-A1,US-2006264184-A1
US-2023155651-A1,US-2013286960-A1
US-2023155651-A1,US-2019342871-A1
US-2023155651-A1,US-2020281011-A1
US-2023155651-A1,US-2021384930-A1
US-2023155651-A1,US-2023033028-A1
US-2023157211-A1,US-5454758-A
US-2023157211-A1,DE-10115652-C1
US-2023157211-A1,US-2002103015-A1
US-2023157211-A1,US-2006079307-A1
US-2023157211-A1,US-8118652-B2
US-2023157211-A1,US-2012100898-A1
US-2023157211-A1,US-9043959-B2
US-2023157211-A1,US-2016007536-A1
US-2023157211-A1,US-9338945-B2
US-2023157211-A1,EP-3031316-A1
US-2023157211-A1,EP-3335543-A1
US-2023157211-A1,EP-3369305-A1
US-2023157211-A1,US-2018249640-A1
US-2023157211-A1,US-10091941-B2
US-2023157211-A1,US-10653070-B2
US-2023157211-A1,US-10653071-B2
US-2023157211-A1,US-2020205342-A1
US-2023157211-A1,US-2020337245-A1
US-2023157211-A1,US-2020352105-A1
US-2023157211-A1,EP-3782454-A1
US-2023157211-A1,US-2023397539-A1
US-2023160474-A1,US-4570944-A
US-2023160474-A1,US-4893781-A
US-2023160474-A1,US-4936197-A
US-2023160474-A1,US-5292137-A
US-2023162231-A1,US-2012158518-A1
US-2023162231-A1,US-2012310745-A1
US-2023163593-A1,US-2020327264-A1
US-2023164578-A1,US-2011228666-A1
US-2023164578-A1,US-12262276-B2
US-2023165220-A1,US-3636193-A
US-2023165220-A1,US-4224949-A
US-2023165220-A1,US-2006199235-A1
US-2023165220-A1,US-2008009765-A1
US-2023165220-A1,US-2009018778-A1
US-2023165220-A1,US-7732408-B2
US-2023165220-A1,WO-2019133920-A1
US-2023165220-A1,US-2019254601-A1
US-2023166858-A1,US-2625008-A
US-2023166858-A1,US-2928238-A
US-2023166858-A1,US-3884435-A
US-2023166858-A1,US-4361281-A
US-2023166858-A1,US-4363445-A
US-2023166858-A1,US-4508270-A
US-2023166858-A1,US-4569493-A
US-2023166858-A1,US-4763840-A
US-2023166858-A1,US-4984741-A
US-2023166858-A1,US-2002158146-A1
US-2023166858-A1,US-2007234728-A1
US-2023166858-A1,US-2017145955-A1
US-2023166858-A1,US-2018305007-A1
US-2023166858-A1,US-2019017468-A1
US-2023166858-A1,US-2020307789-A1
US-2023166858-A1,US-2020324890-A1
US-2023166858-A1,US-2020331589-A1
US-2023167617-A1,FR-2661700-A1
US-2023167617-A1,CN-211037354-U
US-2023167617-A1,CN-111794530-A
US-2023167617-A1,US-10946878-B1
US-2023167617-A1,US-10982399-B1
US-2023167617-A1,US-11072752-B1
US-2023168317-A1,US-2006265024-A1
US-2023168317-A1,US-2014327460-A1
US-2023168317-A1,US-2018338765-A1
US-2023168317-A1,WO-2020206332-A1
US-2023168317-A1,US-11198006-B1
US-2023168317-A1,US-2021387001-A1
US-2023168317-A1,
US-2023173246-A1,US-3952902-A
US-2023173246-A1,DE-3147499-A1
US-2023173246-A1,US-5728080-A
US-2023173246-A1,US-5958778-A
US-2023173246-A1,US-5957822-A
US-2023173246-A1,US-6007525-A
US-2023173246-A1,US-2002121195-A1
US-2023173246-A1,US-2006111667-A1
US-2023173246-A1,US-2008097315-A1
US-2023173246-A1,US-2010030181-A1
US-2023173246-A1,US-2010076397-A1
US-2023173246-A1,US-2011212294-A1
US-2023173246-A1,US-2011276010-A1
US-2023173246-A1,CN-203107819-U
US-2023173246-A1,CN-203694250-U
US-2023173246-A1,CN-103990226-A
US-2023173246-A1,CN-104606739-A
US-2023173246-A1,US-2016279347-A1
US-2023173246-A1,US-2016339226-A1
US-2023173246-A1,US-2019329173-A1
US-2023173246-A1,US-2021370020-A1
US-2023173415-A1,US-5437788-A
US-2023173415-A1,US-2013284651-A1
US-2023173415-A1,US-2015041380-A1
US-2023173415-A1,WO-2015175470-A1
US-2023173415-A1,US-2020384392-A1
US-2023173964-A1,US-5405178-A
US-2023173964-A1,US-2005066423-A1
US-2023173964-A1,US-7707743-B2
US-2023173964-A1,US-2010181796-A1
US-2023173964-A1,US-8056263-B2
US-2023173964-A1,US-2014029900-A1
US-2023173964-A1,US-9168854-B2
US-2023173964-A1,US-2016051009-A1
US-2023173964-A1,US-9456702-B2
US-2023173964-A1,US-2016374428-A1
US-2023173964-A1,US-2017184108-A1
US-2023173964-A1,US-2017332733-A1
US-2023173964-A1,US-2018070736-A1
US-2023173964-A1,US-10231511-B2
US-2023173964-A1,US-10343565-B2
US-2023173964-A1,US-10398236-B2
US-2023173964-A1,US-2019298072-A1
US-2023173964-A1,US-2019357695-A1
US-2023173964-A1,US-10501598-B2
US-2023173964-A1,US-10744914-B2
US-2023173964-A1,US-10750820-B2
US-2023173964-A1,US-2021024155-A1
US-2023173964-A1,US-11186336-B2
US-2023174812-A1,JP-2001234106-A
US-2023174812-A1,US-2008169122-A1
US-2023174812-A1,JP-2009099518-A
US-2023174812-A1,US-2010120181-A1
US-2023174812-A1,WO-2014021270-A1
US-2023174812-A1,WO-2014030310-A1
US-2023174812-A1,US-2014124713-A1
US-2023174812-A1,US-2014374672-A1
US-2023174812-A1,US-2015028085-A1
US-2023174812-A1,US-2015037197-A1
US-2023174812-A1,US-2015083474-A1
US-2023174812-A1,US-2015225588-A1
US-2023174812-A1,US-2016160067-A1
US-2023174812-A1,
US-2023175855-A1,US-2003182052-A1
US-2023175855-A1,US-2013245939-A1
US-2023175855-A1,CN-106767887-A
US-2023175855-A1,US-2020184849-A1
US-2023175855-A1,
US-2023175979-A1,US-6456951-B1
US-2023175979-A1,US-2003130806-A1
US-2023175979-A1,US-2010060895-A1
US-2023175979-A1,JP-2012117898-A
US-2023175979-A1,US-2013003052-A1
US-2023175979-A1,US-2017146463-A1
US-2023175979-A1,US-2020226743-A1
US-2023175979-A1,US-2020256804-A1
US-2023175979-A1,US-2020371047-A1
US-2023175979-A1,US-2022067902-A1
US-2023176630-A1,KR-20110057385-A
US-2023176630-A1,US-10409433-B2
US-2023176630-A1,US-2019353540-A1
US-2023176630-A1,US-2020057507-A1
US-2023176630-A1,US-2020201470-A1
US-2023176630-A1,US-2021135337-A1
US-2023176630-A1,KR-20210084838-A
US-2023176630-A1,US-2021263606-A1
US-2023176630-A1,US-2021318730-A1
US-2023176630-A1,US-2022137741-A1
US-2023178201-A1,US-4662537-A
US-2023178201-A1,US-2007260491-A1
US-2023178201-A1,US-2014155705-A1
US-2023178201-A1,US-8920375-B2
US-2023178201-A1,US-2015048100-A1
US-2023178201-A1,WO-2016064266-A2
US-2023178201-A1,US-2017172522-A1
US-2023178201-A1,US-2017213010-A1
US-2023178201-A1,CN-108310615-A
US-2023178201-A1,CN-108671383-A
US-2023178201-A1,US-10265245-B2
US-2023178201-A1,CN-110584633-A
US-2023178201-A1,US-2019388667-A1
US-2023178201-A1,US-10661010-B1
US-2023178201-A1,US-2020234811-A1
US-2023178201-A1,WO-2021007344-A1
US-2023178201-A1,JP-6822031-B2
US-2023178201-A1,WO-2021016465-A1
US-2023178201-A1,US-2021045972-A1
US-2023178201-A1,US-2021128078-A1
US-2023178201-A1,US-2021169410-A1
US-2023178201-A1,
US-2023182980-A1,US-2008125535-A1
US-2023182980-A1,US-2017260416-A1
US-2023182980-A1,US-2021122543-A1
US-2023183140-A1,US-2018087157-A1
US-2023183140-A1,
US-2023183526-A1,US-11713406-B2
US-2023185846-A1,US-2002181711-A1
US-2023185846-A1,US-2006170945-A1
US-2023185846-A1,US-2009063414-A1
US-2023185846-A1,US-2012125177-A1
US-2023185846-A1,US-2014059430-A1
US-2023185846-A1,US-2017364589-A1
US-2023186082-A1,US-2019042948-A1
US-2023186082-A1,US-2021216871-A1
US-2023186473-A1,US-2016364862-A1
US-2023186473-A1,US-2021027883-A1
US-2023187914-A1,US-3036435-A
US-2023187914-A1,US-6193218-B1
US-2023187914-A1,US-6347761-B1
US-2023187914-A1,US-2005062030-A1
US-2023187914-A1,US-8336857-B2
US-2023187914-A1,US-2014031977-A1
US-2023187914-A1,US-8918230-B2
US-2023187914-A1,US-2015329335-A1
US-2023187914-A1,US-11137764-B2
US-2023190559-A1,US-4510779-A
US-2023190559-A1,US-2006220507-A1
US-2023190559-A1,US-2006281397-A1
US-2023190559-A1,US-2013127185-A1
US-2023190559-A1,US-2016310361-A1
US-2023190725-A1,US-7354939-B2
US-2023190725-A1,
US-2023192194-A1,KR-19980035853-U
US-2023192194-A1,US-5987727-A
US-2023192194-A1,JP-4506632-B2
US-2023192194-A1,
US-2023192246-A1,US-2021024177-A1
US-2023192246-A1,US-11634195-B1
US-2023192602-A1,US-9428450-B2
US-2023192602-A1,
US-2023193379-A1,US-2008280773-A1
US-2023194384-A1,US-2016010970-A1
US-2023194384-A1,US-2022024609-A1
US-2023199459-A1,US-6621420-B1
US-2023199459-A1,US-7312712-B1
US-2023199459-A1,US-2011047230-A1
US-2023199459-A1,US-2011175724-A1
US-2023199459-A1,US-8195188-B2
US-2023199459-A1,US-11765543-B2
US-2023199459-A1,
US-2023199784-A1,WO-2015116866-A1
US-2023199784-A1,WO-2016040290-A1
US-2023199784-A1,US-2016127098-A1
US-2023199784-A1,US-2016211895-A1
US-2023199784-A1,US-2016226637-A1
US-2023199784-A1,US-9455809-B2
US-2023199784-A1,US-9467272-B2
US-2023199784-A1,US-2017070979-A1
US-2023199784-A1,US-9686798-B1
US-2023199784-A1,US-9860885-B2
US-2023200870-A1,US-5098435-A
US-2023200870-A1,US-5709687-A
US-2023200870-A1,US-6139550-A
US-2023200870-A1,US-2005043738-A1
US-2023200870-A1,US-2008015591-A1
US-2023200870-A1,US-7537596-B2
US-2023200870-A1,US-2011166607-A1
US-2023200870-A1,US-2011264146-A1
US-2023200870-A1,US-8162996-B2
US-2023200870-A1,US-2013238032-A1
US-2023200870-A1,US-8652142-B2
US-2023200870-A1,US-2014081341-A1
US-2023200870-A1,US-2015045839-A1
US-2023200870-A1,US-2015051650-A1
US-2023200870-A1,US-9375242-B2
US-2023200870-A1,US-2016192970-A1
US-2023200870-A1,US-2016324532-A1
US-2023200870-A1,US-2017156739-A1
US-2023200870-A1,US-2019269418-A1
US-2023200870-A1,US-2020323566-A1
US-2023200870-A1,US-2020388085-A1
US-2023201993-A1,US-3813828-A
US-2023201993-A1,US-2005260922-A1
US-2023201993-A1,US-2006035571-A1
US-2023201993-A1,US-2006128276-A1
US-2023201993-A1,US-2007049166-A1
US-2023201993-A1,WO-2011157493-A1
US-2023201993-A1,US-2012329373-A1
US-2023201993-A1,JP-2014138973-A
US-2023201993-A1,US-2015165585-A1
US-2023201993-A1,US-2015209931-A1
US-2023201993-A1,US-2016332279-A1
US-2023201993-A1,WO-2017073265-A1
US-2023201993-A1,JP-2018074086-A
US-2023201993-A1,JP-2019181657-A
US-2023201993-A1,WO-2023127601-A1
US-2023201993-A1,
US-2023204346-A1,US-5195392-A
US-2023204346-A1,US-5712706-A
US-2023204346-A1,US-2011238199-A1
US-2023207813-A1,KR-20140008982-A
US-2023207813-A1,US-2017279113-A1
US-2023207813-A1,US-9859555-B2
US-2023207813-A1,
US-2023209550-A1,US-2007297451-A1
US-2023214195-A1,US-2020097845-A1
US-2023214195-A1,US-2021142185-A1
US-2023218200-A1,US-8986211-B2
US-2023218200-A1,US-2015123785-A1
US-2023218200-A1,US-2015241447-A1
US-2023218200-A1,US-2019232113-A1
US-2023218200-A1,US-2020154799-A1
US-2023218200-A1,US-2023030071-A1
US-2023218357-A1,US-2018353645-A1
US-2023221272-A1,US-4017941-A
US-2023221272-A1,US-6812719-B1
US-2023221272-A1,
US-2023224119-A1,US-2019274155-A1
US-2023225001-A1,WO-2022078867-A1
US-2023225001-A1,US-2023121314-A1
US-2023225372-A1,US-5800601-A
US-2023225372-A1,US-2006038866-A1
US-2023225372-A1,US-2007222830-A1
US-2023225372-A1,US-2008032011-A1
US-2023225372-A1,WO-2010118289-A1
US-2023226497-A1,US-9862665-B2
US-2023226497-A1,CN-110465208-A
US-2023226497-A1,US-2021197132-A1
US-2023226497-A1,
US-2023226695-A1,US-2019316369-A1
US-2023226851-A1,US-10899176-B2
US-2023228200-A1,US-7399163-B2
US-2023228200-A1,US-2018112596-A1
US-2023228200-A1,US-9970320-B2
US-2023229150-A1,JP-2004169341-A
US-2023229150-A1,US-7233886-B2
US-2023229150-A1,US-2007234781-A1
US-2023229150-A1,US-2015160630-A1
US-2023229150-A1,US-2020109063-A1
US-2023229150-A1,US-2020218244-A1
US-2023229324-A1,US-2008307188-A1
US-2023229324-A1,US-2011196987-A1
US-2023229324-A1,US-2015242309-A1
US-2023229324-A1,US-2017364446-A1
US-2023229324-A1,US-2022405200-A1
US-2023234497-A1,CA-2635954-A1
US-2023235023-A1,WO-0157079-A2
US-2023235023-A1,
US-2023235330-A1,US-10513703-B2
US-2023235330-A1,
US-2023243023-A1,JP-2006316341-A
US-2023243351-A1,US-2014138079-A1
US-2023243351-A1,US-2017114625-A1
US-2023243351-A1,US-9650879-B2
US-2023243351-A1,US-2018363640-A1
US-2023243351-A1,US-10358035-B2
US-2023243351-A1,US-10393108-B2
US-2023243351-A1,US-10648311-B2
US-2023243351-A1,US-10753165-B1
US-2023243351-A1,US-10851638-B2
US-2023243351-A1,US-2021040830-A1
US-2023243351-A1,US-2021126561-A1
US-2023243351-A1,US-11149533-B1
US-2023243351-A1,US-2021372394-A1
US-2023243351-A1,
US-2023244393-A1,US-2015254108-A1
US-2023244393-A1,US-9916478-B2
US-2023244393-A1,US-2019324995-A1
US-2023244393-A1,US-2019370069-A1
US-2023244393-A1,US-2020389312-A1
US-2023244393-A1,US-2023139330-A1
US-2023244846-A1,US-8581348-B2
US-2023244846-A1,US-2014027918-A1
US-2023244846-A1,US-8853794-B2
US-2023244846-A1,US-9767248-B2
US-2023244846-A1,US-2018166431-A1
US-2023244846-A1,US-10249605-B2
US-2023244846-A1,US-10312229-B2
US-2023244846-A1,US-2020135721-A1
US-2023244846-A1,US-2020135640-A1
US-2023244846-A1,US-2021183859-A1
US-2023246399-A1,US-2013325191-A1
US-2023246399-A1,US-2016105735-A1
US-2023246647-A1,US-6246265-B1
US-2023246647-A1,US-6433586-B2
US-2023246647-A1,US-6762638-B2
US-2023246647-A1,US-2005218943-A1
US-2023246647-A1,US-2006119991-A1
US-2023246647-A1,US-2006181322-A1
US-2023246647-A1,US-7123068-B1
US-2023246647-A1,US-2012033508-A1
US-2023246647-A1,US-9673787-B2
US-2023246647-A1,US-9813047-B2
US-2023246647-A1,US-2022108989-A1
US-2023246647-A1,US-11606093-B2
US-2023247024-A1,US-2008034073-A1
US-2023247024-A1,US-8060927-B2
US-2023247024-A1,US-2015089625-A1
US-2023247024-A1,US-2016335259-A1
US-2023247024-A1,US-2018019968-A1
US-2023247024-A1,US-2019052467-A1
US-2023247024-A1,US-2019253438-A1
US-2023247024-A1,US-10659335-B1
US-2023247024-A1,US-10965716-B2
US-2023247357-A1,US-7571014-B1
US-2023247357-A1,US-2011169755-A1
US-2023247357-A1,US-2013191749-A1
US-2023247357-A1,US-2013243199-A1
US-2023247357-A1,US-2017006386-A1
US-2023247357-A1,US-2020314569-A1
US-2023247357-A1,US-2021067865-A1
US-2023247357-A1,US-2021195335-A1
US-2023247357-A1,US-2022038111-A1
US-2023248135-A1,US-3065821-A
US-2023248135-A1,US-3347429-A
US-2023248135-A1,US-4049164-A
US-2023248135-A1,US-4858364-A
US-2023248135-A1,US-5265780-A
US-2023248135-A1,US-5360384-A
US-2023248135-A1,US-5413262-A
US-2023248135-A1,US-5433697-A
US-2023248135-A1,US-5690609-A
US-2023248135-A1,US-5904282-A
US-2023248135-A1,US-5927574-A
US-2023248135-A1,US-2005192159-A1
US-2023248135-A1,US-2008296327-A1
US-2023248135-A1,US-2011259934-A1
US-2023248135-A1,US-D713049-S
US-2023248135-A1,US-2014310921-A1
US-2023248135-A1,US-8920353-B2
US-2023249023-A1,US-2919134-A
US-2023249023-A1,US-3424422-A
US-2023249023-A1,US-3593708-A
US-2023249023-A1,US-4060244-A
US-2023249023-A1,US-4911572-A
US-2023249023-A1,US-5588942-A
US-2023249023-A1,US-5871424-A
US-2023249023-A1,US-5997494-A
US-2023249023-A1,US-2003216220-A1
US-2023249023-A1,US-2009111661-A1
US-2023249023-A1,US-7540831-B2
US-2023249023-A1,US-7566292-B1
US-2023249023-A1,US-2010292058-A1
US-2023249023-A1,US-8007413-B1
US-2023249023-A1,US-2011215120-A1
US-2023249023-A1,US-2014128227-A1
US-2023249023-A1,US-2015057133-A1
US-2023249023-A1,US-2016263461-A1
US-2023249023-A1,US-9504867-B2
US-2023249023-A1,US-2017348555-A1
US-2023249023-A1,US-9839827-B1
US-2023249023-A1,US-2019143164-A1
US-2023249023-A1,US-10695609-B2
US-2023249023-A1,US-10695601-B2
US-2023249023-A1,US-2021046358-A1
US-2023253642-A1,US-2012256569-A1
US-2023256969-A1,US-3304539-A
US-2023256969-A1,US-6115652-A
US-2023256969-A1,CN-104464317-A
US-2023256969-A1,US-2016375906-A1
US-2023256969-A1,US-2017369055-A1
US-2023256969-A1,US-10293819-B1
US-2023256969-A1,US-2019318492-A1
US-2023256969-A1,CN-111243296-A
US-2023256969-A1,US-2020327812-A1
US-2023256969-A1,
US-2023257695-A1,US-10000579-B2
US-2023257695-A1,
US-2023259834-A1,US-2011087506-A1
US-2023259834-A1,WO-2011061711-A1
US-2023259834-A1,US-2013262159-A1
US-2023259834-A1,US-2014195277-A1
US-2023259834-A1,US-2014257879-A1
US-2023259834-A1,US-2017293866-A1
US-2023259934-A1,US-2006229896-A1
US-2023259934-A1,US-2011137946-A1
US-2023259934-A1,US-2019129701-A1
US-2023259934-A1,US-2019129712-A1
US-2023259934-A1,WO-2019087008-A1
US-2023259934-A1,US-2020004564-A1
US-2023259934-A1,US-2020302396-A1
US-2023259934-A1,US-2020402156-A1
US-2023259934-A1,US-10949432-B1
US-2023259934-A1,US-2021133894-A1
US-2023259934-A1,US-2022092056-A1
US-2023259934-A1,US-11488110-B2
US-2023259934-A1,US-2022414709-A1
US-2023259934-A1,US-2023186308-A1
US-2023259934-A1,
US-2023261001-A1,US-2009051639-A1
US-2023261496-A1,US-5847551-A
US-2023261496-A1,US-2014176095-A1
US-2023261496-A1,US-2016006272-A1
US-2023261496-A1,US-2016059730-A1
US-2023262040-A1,US-6032258-A
US-2023262040-A1,US-2007143407-A1
US-2023262040-A1,US-2013324085-A1
US-2023262040-A1,US-2014006778-A1
US-2023263428-A1,US-2015045700-A1
US-2023263428-A1,US-2019117128-A1
US-2023263626-A1,US-2011313515-A1
US-2023263626-A1,US-2014031928-A1
US-2023263626-A1,US-2014214159-A1
US-2023263626-A1,US-2020352718-A1
US-2023263626-A1,US-2021169645-A1
US-2023263980-A1,US-2013023729-A1
US-2023263980-A1,US-2014053830-A1
US-2023263980-A1,US-8955518-B2
US-2023263980-A1,US-2017196478-A1
US-2023264163-A1,US-2016033470-A1
US-2023264163-A1,
US-2023264334-A1,US-6116352-A
US-2023264334-A1,US-9527199-B2
US-2023264334-A1,US-9969072-B2
US-2023264446-A1,
US-2023265294-A1,US-2004241427-A1
US-2023265294-A1,US-2017051156-A1
US-2023266796-A1,US-2007085837-A1
US-2023266796-A1,US-2012098782-A1
US-2023266796-A1,US-2012162099-A1
US-2023266796-A1,US-2015018045-A1
US-2023266796-A1,US-2016172428-A1
US-2023266796-A1,US-2016320803-A1
US-2023268243-A1,US-5131963-A
US-2023268243-A1,US-5474808-A
US-2023268243-A1,US-5955781-A
US-2023268243-A1,US-7244963-B2
US-2023268243-A1,US-7846767-B1
US-2023268243-A1,US-2015056763-A1
US-2023268243-A1,US-9685513-B2
US-2023268243-A1,US-9711534-B2
US-2023268243-A1,US-9728483-B2
US-2023268243-A1,US-2022148941-A1
US-2023268243-A1,US-11482464-B2
US-2023268243-A1,US-12176221-B2
US-2023268938-A1,US-6690652-B1
US-2023268938-A1,US-2007064735-A1
US-2023268938-A1,US-2008139133-A1
US-2023268938-A1,US-2009005060-A1
US-2023268938-A1,US-2010329229-A1
US-2023268938-A1,US-2011007844-A1
US-2023268938-A1,US-2013077661-A1
US-2023268938-A1,US-2017237673-A1
US-2023268938-A1,US-2021167889-A1
US-2023268938-A1,US-2021176657-A1
US-2023268938-A1,US-2024080127-A1
US-2023269146-A1,US-2015295800-A1
US-2023269146-A1,US-2016366142-A1
US-2023269146-A1,US-2018191718-A1
US-2023269146-A1,
US-2023269736-A1,WO-2018070645-A1
US-2023269736-A1,US-2023130003-A1
US-2023271398-A1,US-11679576-B2
US-2023273460-A1,US-2017001032-A1
US-2023273460-A1,US-2018017814-A1
US-2023273460-A1,US-2020026082-A1
US-2023273460-A1,US-2020089023-A1
US-2023273460-A1,US-2021389607-A1
US-2023273460-A1,US-11281022-B2
US-2023276313-A1,US-2019281518-A1
US-2023276313-A1,US-2019387444-A1
US-2023276313-A1,US-2023337321-A1
US-2023276313-A1,US-2023370987-A1
US-2023276313-A1,US-2024064592-A1
US-2023276313-A1,
US-2023279215-A1,US-5824751-A
US-2023279215-A1,US-2023265232-A1
US-2023280312-A1,US-5009104-A
US-2023280312-A1,US-11650183-B2
US-2023281258-A1,US-2009089312-A1
US-2023281258-A1,US-2013232430-A1
US-2023281258-A1,US-2015287403-A1
US-2023281258-A1,US-2016092428-A1
US-2023281258-A1,US-2017287000-A1
US-2023281258-A1,US-2018196784-A1
US-2023281258-A1,US-2018205681-A1
US-2023282554-A1,US-2007052379-A1
US-2023282554-A1,US-2017053855-A1
US-2023282554-A1,US-9754864-B1
US-2023282554-A1,US-2017372987-A1
US-2023282554-A1,US-2019295939-A1
US-2023282554-A1,US-2020388580-A1
US-2023282699-A1,US-2020035563-A1
US-2023282699-A1,US-2020135576-A1
US-2023282699-A1,US-2021126099-A1
US-2023284164-A1,US-2016259062-A1
US-2023284164-A1,US-2017353938-A1
US-2023284164-A1,WO-2019120558-A1
US-2023284164-A1,US-2023208585-A1
US-2023285111-A1,US-2019122047-A1
US-2023285111-A1,US-12249144-B2
US-2023285486-A1,US-2006264510-A1
US-2023287114-A1,
US-2023288958-A1,US-2016337737-A1
US-2023288958-A1,US-2017161868-A1
US-2023288958-A1,US-2019261519-A1
US-2023288958-A1,US-2019326718-A1
US-2023288958-A1,US-2020402434-A1
US-2023292031-A1,US-2016029114-A1
US-2023296476-A1,US-7573021-B2
US-2023296476-A1,US-7576840-B2
US-2023296476-A1,US-10363101-B2
US-2023296476-A1,US-10935399-B1
US-2023296476-A1,US-11022717-B2
US-2023296476-A1,US-11193751-B2
US-2023297666-A1,US-2011282941-A1
US-2023297666-A1,US-2017286278-A1
US-2023297666-A1,US-10341345-B1
US-2023297666-A1,US-2022014923-A1
US-2023297666-A1,US-2022066809-A1
US-2023297666-A1,US-2023026671-A1
US-2023297666-A1,US-2023106581-A1
US-2023298540-A1,US-2010134810-A1
US-2023298540-A1,US-7855743-B2
US-2023298540-A1,US-2014233070-A1
US-2023298540-A1,US-9043713-B2
US-2023298540-A1,US-2016189592-A1
US-2023298540-A1,US-2020098146-A1
US-2023298540-A1,US-12076454-B2
US-2023303571-A1,US-6211360-B1
US-2023303571-A1,US-6780871-B2
US-2023303571-A1,US-9592239-B2
US-2023303571-A1,US-11680066-B2
US-2023303571-A1,
US-2023307473-A1,WO-2017212977-A1
US-2023307473-A1,WO-2018191539-A1
US-2023307473-A1,US-2019086540-A1
US-2023307473-A1,US-2019094342-A1
US-2023307473-A1,US-2019157323-A1
US-2023307473-A1,US-2020191565-A1
US-2023307473-A1,US-2020357930-A1
US-2023307473-A1,US-2021190917-A1
US-2023307473-A1,US-2021225907-A1
US-2023307473-A1,US-2021273008-A1
US-2023312130-A1,DE-102006060781-A1
US-2023312331-A1,US-3905516-A
US-2023312331-A1,US-6945288-B1
US-2023312331-A1,US-7681607-B2
US-2023312331-A1,US-8109300-B2
US-2023312331-A1,US-2013025694-A1
US-2023312744-A1,WO-2012080509-A1
US-2023312744-A1,
US-2023313296-A1,
US-2023315609-A1,US-2004199904-A1
US-2023315609-A1,US-2011219454-A1
US-2023315609-A1,US-2014032106-A1
US-2023315609-A1,US-8966453-B1
US-2023315609-A1,US-2016178377-A1
US-2023315609-A1,US-2017185400-A1
US-2023315609-A1,US-2020036895-A1
US-2023320183-A1,US-6329304-B1
US-2023320183-A1,US-2003193672-A1
US-2023320183-A1,US-6843201-B2
US-2023320183-A1,US-7022627-B2
US-2023320183-A1,US-7217670-B2
US-2023320183-A1,US-7410355-B2
US-2023320183-A1,US-7427329-B2
US-2023320183-A1,US-2008233669-A1
US-2023320183-A1,US-2011070370-A1
US-2023320183-A1,US-8119204-B2
US-2023320183-A1,US-8252378-B2
US-2023320183-A1,US-8313603-B2
US-2023320183-A1,US-2013178004-A1
US-2023320183-A1,US-2013247816-A1
US-2023320183-A1,US-8734914-B2
US-2023320183-A1,US-8920562-B2
US-2023320183-A1,US-8926806-B2
US-2023320183-A1,US-10522374-B2
US-2023320183-A1,US-10854485-B2
US-2023320183-A1,US-11004707-B1
US-2023320183-A1,US-11270881-B2
US-2023320183-A1,US-11856833-B2
US-2023320546-A1,US-2007089610-A1
US-2023320546-A1,US-7322071-B2
US-2023320546-A1,US-2019082907-A1
US-2023324576-A1,US-2020348432-A1
US-2023324576-A1,US-2021350052-A1
US-2023324576-A1,US-2022113439-A1
US-2023324576-A1,WO-2023183362-A1
US-2023324576-A1,
US-2023325870-A1,US-2005021478-A1
US-2023325870-A1,US-2008010191-A1
US-2023329207-A1,US-2156740-A
US-2023329207-A1,US-3091364-A
US-2023329207-A1,US-3130852-A
US-2023329207-A1,US-3199245-A
US-2023329207-A1,US-5586406-A
US-2023329207-A1,US-6193902-B1
US-2023329207-A1,US-2001013588-A1
US-2023329207-A1,US-6651377-B1
US-2023329207-A1,US-2004172875-A1
US-2023329207-A1,US-6877269-B2
US-2023329207-A1,US-2008190010-A1
US-2023329207-A1,US-2011119986-A1
US-2023329207-A1,US-8327576-B2
US-2023329207-A1,US-2014083881-A1
US-2023329207-A1,US-2016015017-A1
US-2023329207-A1,US-2016143261-A1
US-2023329207-A1,US-2017362017-A1
US-2023329207-A1,US-9883665-B2
US-2023329207-A1,US-2018042209-A1
US-2023329207-A1,US-2019059348-A1
US-2023329207-A1,US-10299468-B2
US-2023329207-A1,US-2020045950-A1
US-2023329207-A1,US-2020352150-A1
US-2023329207-A1,US-2021153488-A1
US-2023329207-A1,US-11206822-B2
US-2023329207-A1,US-11634270-B2
US-2023330512-A1,US-2634132-A
US-2023330512-A1,US-3437337-A
US-2023330512-A1,US-3481606-A
US-2023330512-A1,US-3861686-A
US-2023330512-A1,US-3889954-A
US-2023330512-A1,US-3984106-A
US-2023330512-A1,US-4350339-A
US-2023330512-A1,US-4508351-A
US-2023330512-A1,US-4684135-A
US-2023330512-A1,US-4746126-A
US-2023330512-A1,US-5048842-A
US-2023330512-A1,US-5356151-A
US-2023330512-A1,US-5570887-A
US-2023330512-A1,US-5654050-A
US-2023330512-A1,US-5769423-A
US-2023330512-A1,US-5951297-A
US-2023330512-A1,US-6328308-B1
US-2023330512-A1,US-6685353-B2
US-2023330512-A1,US-2005167920-A1
US-2023330512-A1,US-2008012228-A1
US-2023330512-A1,US-2008179829-A1
US-2023330512-A1,US-2009206549-A1
US-2023330512-A1,US-8702102-B1
US-2023330512-A1,US-2016045816-A1
US-2023333232-A1,US-2010066586-A1
US-2023333232-A1,US-2011291875-A1
US-2023333232-A1,US-2016033622-A1
US-2023333232-A1,US-2019041492-A1
US-2023333232-A1,US-2020124699-A1
US-2023333232-A1,US-2021373127-A1
US-2023333232-A1,
US-2023335687-A1,US-2002079837-A1
US-2023335687-A1,US-2016293810-A1
US-2023335687-A1,US-2016348876-A1
US-2023335687-A1,US-2016351766-A1
US-2023335687-A1,US-2017054061-A1
US-2023335687-A1,US-2017084587-A1
US-2023335687-A1,US-2017179344-A1
US-2023336248-A1,US-2009060511-A1
US-2023336248-A1,US-2016373133-A1
US-2023336248-A1,US-2016380698-A1
US-2023336248-A1,WO-2020180472-A1
US-2023336248-A1,US-2022286208-A1
US-2023336248-A1,US-2023216587-A1
US-2023336248-A1,US-2025184029-A1
US-2023336526-A1,US-2016373405-A1
US-2023338780-A1,US-2016107037-A1
US-2023339224-A1,US-10601071-B2
US-2023339224-A1,US-2020280063-A1
US-2023339624-A1,WO-2017008865-A1
US-2023340561-A1,JP-2011120599-A
US-2023340561-A1,JP-2019176802-A
US-2023340561-A1,
US-2023340835-A1,US-1298072-A
US-2023340835-A1,US-3290014-A
US-2023340835-A1,US-4912863-A
US-2023340835-A1,US-5716041-A
US-2023340835-A1,US-5868382-A
US-2023340835-A1,US-6464209-B2
US-2023340835-A1,US-6561493-B1
US-2023340835-A1,US-2003217515-A1
US-2023340835-A1,US-2004067101-A1
US-2023340835-A1,US-2005063770-A1
US-2023340835-A1,US-7114706-B1
US-2023340835-A1,US-2009315009-A1
US-2023340835-A1,US-2010237310-A1
US-2023340835-A1,US-7895713-B2
US-2023340835-A1,US-2016108668-A1
US-2023340835-A1,US-9512674-B2
US-2023340835-A1,US-2016362934-A1
US-2023340835-A1,US-2016376822-A1
US-2023340835-A1,US-2017218692-A1
US-2023340835-A1,US-2019338588-A1
US-2023340835-A1,US-10697236-B2
US-2023340835-A1,US-10947782-B2
US-2023340835-A1,US-11066874-B1
US-2023340835-A1,US-11629553-B2
US-2023341044-A1,US-5372213-A
US-2023341044-A1,US-5415603-A
US-2023341044-A1,US-5443130-A
US-2023341044-A1,US-5718302-A
US-2023341044-A1,US-2006213477-A1
US-2023341044-A1,US-2006231339-A1
US-2023341044-A1,US-2007265129-A1
US-2023341044-A1,US-2008135339-A1
US-2023341044-A1,US-2009127954-A1
US-2023341044-A1,US-2009318255-A1
US-2023341044-A1,US-7980343-B2
US-2023341044-A1,US-2013019707-A1
US-2023341044-A1,US-2013125995-A1
US-2023341044-A1,US-2013192400-A1
US-2023341044-A1,US-2013192949-A1
US-2023341044-A1,US-2013270038-A1
US-2023341044-A1,US-2013305878-A1
US-2023341044-A1,US-2013313048-A1
US-2023341044-A1,US-2014174856-A1
US-2023341044-A1,US-2014179477-A1
US-2023341044-A1,US-8810418-B2
US-2023341044-A1,US-2014234124-A1
US-2023341044-A1,US-2014262675-A1
US-2023341044-A1,US-8840511-B2
US-2023341044-A1,US-2014326105-A1
US-2023341044-A1,US-8905885-B2
US-2023341044-A1,US-2015051768-A1
US-2023341044-A1,US-2015057858-A1
US-2023341044-A1,US-2015367793-A1
US-2023341044-A1,US-9242637-B2
US-2023341044-A1,US-2016146331-A1
US-2023341044-A1,US-2016160713-A1
US-2023341044-A1,US-2017167596-A1
US-2023341044-A1,US-2017219083-A1
US-2023341044-A1,US-2017285062-A1
US-2023341044-A1,US-2017282909-A1
US-2023341044-A1,US-2017299047-A1
US-2023341044-A1,US-10197151-B2
US-2023341044-A1,US-2019081537-A1
US-2023341044-A1,US-2019093755-A1
US-2023341044-A1,US-2019093757-A1
US-2023341044-A1,US-2019120369-A1
US-2023341044-A1,US-2019145509-A1
US-2023341044-A1,US-2019176763-A1
US-2023341044-A1,US-2019186600-A1
US-2023341044-A1,US-2019193550-A1
US-2023341044-A1,US-2019195345-A1
US-2023341044-A1,US-2019195346-A1
US-2023341044-A1,US-2019229582-A1
US-2023341044-A1,US-2019270477-A1
US-2023341044-A1,US-2020130408-A1
US-2023341044-A1,US-2020149622-A1
US-2023341044-A1,US-2020244143-A1
US-2023341044-A1,US-2020240512-A1
US-2023341044-A1,US-2020271194-A1
US-2023341044-A1,US-10766350-B2
US-2023341044-A1,US-2020292055-A1
US-2023341044-A1,US-10787194-B2
US-2023341044-A1,US-2020406740-A1
US-2023341044-A1,US-2021006127-A1
US-2023341044-A1,US-2021006132-A1
US-2023341044-A1,US-2021039491-A1
US-2023341044-A1,US-2021053433-A1
US-2023341044-A1,US-2021095649-A1
US-2023341044-A1,US-2021188099-A1
US-2023341044-A1,US-2021231213-A1
US-2023341044-A1,US-11231103-B2
US-2023341044-A1,US-2022042591-A1
US-2023341044-A1,US-2022090673-A1
US-2023341044-A1,US-2022105790-A1
US-2023341044-A1,US-11434977-B2
US-2023341044-A1,US-2022316581-A1
US-2023341044-A1,US-2022321050-A1
US-2023341044-A1,US-2022316178-A1
US-2023341044-A1,US-2022316583-A1
US-2023341044-A1,US-11473669-B2
US-2023341044-A1,US-2023019830-A1
US-2023341044-A1,US-11588379-B2
US-2023341044-A1,US-11619297-B2
US-2023341044-A1,US-2023103893-A1
US-2023341044-A1,US-11662013-B2
US-2023341044-A1,US-11701956-B2
US-2023341044-A1,US-11725722-B2
US-2023341044-A1,US-11725721-B2
US-2023341044-A1,US-2023261542-A1
US-2023341409-A1,WO-2015184321-A2
US-2023342263-A1,US-2008263293-A1
US-2023342263-A1,US-8364918-B1
US-2023342263-A1,US-2016350214-A1
US-2023342263-A1,US-2021044504-A1
US-2023344728-A1,US-2019018656-A1
US-2023344728-A1,US-2022028108-A1
US-2023349239-A1,US-8136589-B2
US-2023349239-A1,US-8333236-B2
US-2023349239-A1,US-10352110-B2
US-2023349239-A1,US-2020362660-A1
US-2023349858-A1,US-11232938-B2
US-2023349859-A1,US-2016274058-A1
US-2023349859-A1,US-2016274059-A1
US-2023349859-A1,US-2016282305-A1
US-2023349859-A1,US-2016320340-A1
US-2023349859-A1,US-2017003250-A1
US-2023349859-A1,US-2017011899-A1
US-2023349859-A1,US-2017069475-A1
US-2023349859-A1,US-9646813-B2
US-2023349859-A1,US-2017178880-A1
US-2023349859-A1,US-2017276645-A1
US-2023349859-A1,US-2018151339-A1
US-2023349859-A1,US-10090146-B2
US-2023349859-A1,US-2018366313-A1
US-2023349859-A1,US-10586691-B2
US-2023349859-A1,US-10697932-B2
US-2023349859-A1,US-11049709-B2
US-2023349859-A1,US-2023296561-A1
US-2023349859-A1,US-12080534-B2
US-2023350389-A1,US-2022382245-A1
US-2023350389-A1,US-11754999-B1
US-2023352167-A1,US-2013096937-A1
US-2023352167-A1,US-2017323062-A1
US-2023352167-A1,US-2018092595-A1
US-2023352167-A1,US-2018173913-A1
US-2023352167-A1,US-2019362554-A1
US-2023352167-A1,US-2020320365-A1
US-2023352167-A1,US-2021183507-A1
US-2023352167-A1,WO-2021180442-A1
US-2023352167-A1,
US-2023353652-A1,US-2004255137-A1
US-2023353652-A1,US-2010093434-A1
US-2023353652-A1,US-2013339857-A1
US-2023353652-A1,US-2014278860-A1
US-2023353652-A1,US-8882582-B2
US-2023353652-A1,US-2016261979-A1
US-2023353652-A1,US-2018189289-A1
US-2023353652-A1,US-2023106416-A1
US-2023357220-A1,
US-2023357958-A1,JP-S62282012-A
US-2023357958-A1,EP-3282043-A1
US-2023357958-A1,
US-2023360128-A1,CN-104182879-A
US-2023360128-A1,US-2015081537-A1
US-2023360128-A1,
US-2023360357-A1,US-2019130220-A1
US-2023360357-A1,US-2020134425-A1
US-2023360662-A1,US-8712076-B2
US-2023360662-A1,US-9173025-B2
US-2023360662-A1,US-2016027447-A1
US-2023360662-A1,US-11653153-B2
US-2023362184-A1,US-2023336586-A1
US-2023362184-A1,
US-2023362290-A1,US-9419669-B2
US-2023362290-A1,US-2016373152-A1
US-2023362290-A1,US-2018147761-A1
US-2023362290-A1,US-2018332939-A1
US-2023362290-A1,US-10441044-B2
US-2023362290-A1,US-2021056559-A1
US-2023362290-A1,US-2022140852-A1
US-2023362290-A1,CN-218352539-U
US-2023362290-A1,CN-218603504-U
US-2023362290-A1,US-11710988-B2
US-2023362290-A1,US-11973528-B2
US-2023362290-A1,US-12005656-B2
US-2023362290-A1,US-12184322-B2
US-2023362290-A1,
US-2023363645-A1,US-2005148842-A1
US-2023363645-A1,US-2005154277-A1
US-2023363645-A1,US-2018214062-A1
US-2023363645-A1,US-2018214057-A1
US-2023364154-A1,
US-2023367608-A1,US-2003093528-A1
US-2023367608-A1,US-2012102369-A1
US-2023367608-A1,US-2012215779-A1
US-2023367608-A1,US-2013225122-A1
US-2023367608-A1,US-8707254-B2
US-2023367608-A1,US-2015229715-A1
US-2023367608-A1,US-9712411-B2
US-2023367608-A1,US-2017366624-A1
US-2023367608-A1,US-2018314750-A1
US-2023367608-A1,US-2018349419-A1
US-2023367608-A1,US-2019361988-A1
US-2023367608-A1,US-2020052979-A1
US-2023367608-A1,US-2021034641-A1
US-2023367608-A1,US-11032160-B1
US-2023367608-A1,US-2022129419-A1
US-2023370252-A1,US-6959394-B1
US-2023370252-A1,US-2013073388-A1
US-2023370252-A1,US-2014089196-A1
US-2023370252-A1,US-2014379521-A1
US-2023370252-A1,US-10380380-B1
US-2023370252-A1,US-2019342096-A1
US-2023370252-A1,US-2020186349-A1
US-2023370252-A1,US-2021090126-A1
US-2023370252-A1,US-2021119801-A1
US-2023370252-A1,US-2022005072-A1
US-2023376416-A1,US-2018183580-A1
US-2023376416-A1,
US-2023376886-A1,US-2011307282-A1
US-2023376886-A1,US-2016300185-A1
US-2023376886-A1,US-2019164126-A1
US-2023376886-A1,US-10701067-B1
US-2023376886-A1,US-2021082271-A1
US-2023376886-A1,US-2021365865-A1
US-2023376886-A1,US-2022180310-A1
US-2023376886-A1,
US-2023378852-A1,US-2010072864-A1
US-2023378852-A1,US-2015224884-A1
US-2023378852-A1,US-2015333600-A1
US-2023378852-A1,US-2019252950-A1
US-2023378852-A1,US-2022345008-A1
US-2023379097-A1,US-2019313386-A1
US-2023379097-A1,US-2020008225-A1
US-2023379097-A1,US-10820269-B2
US-2023379097-A1,US-2021045159-A1
US-2023379097-A1,US-2021153237-A1
US-2023379097-A1,US-2021160879-A1
US-2023379097-A1,US-2021219329-A1
US-2023379097-A1,US-2021227570-A1
US-2023379097-A1,US-2021258104-A1
US-2023379097-A1,US-2021377985-A1
US-2023379097-A1,US-2022029733-A1
US-2023379097-A1,US-2022078881-A1
US-2023379097-A1,US-2022095337-A1
US-2023379097-A1,US-2022109529-A1
US-2023379097-A1,US-2022217715-A1
US-2023379097-A1,US-2022232564-A1
US-2023379097-A1,US-2022255673-A1
US-2023379097-A1,US-2022322327-A1
US-2023379097-A1,US-2022376844-A1
US-2023379097-A1,US-2023239869-A1
US-2023379097-A1,US-2023269778-A1
US-2023379097-A1,US-2023319822-A1
US-2023379097-A1,US-2023328728-A1
US-2023379097-A1,US-2024008123-A1
US-2023379097-A1,US-12199778-B2
US-2023379097-A1,US-12309769-B2
US-2023379097-A1,US-12568485-B2
US-2023379097-A1,
US-2023379108-A1,US-2021051668-A1
US-2023379108-A1,US-2022173848-A1
US-2023379108-A1,US-2022264561-A1
US-2023379108-A1,US-2022287054-A1
US-2023379108-A1,US-2022330043-A1
US-2023379108-A1,US-2023007675-A1
US-2023379108-A1,US-2023024375-A1
US-2023379108-A1,
US-2023385154-A1,US-7885923-B1
US-2023385154-A1,US-2014229694-A1
US-2023385154-A1,US-2018260125-A1
US-2023385154-A1,US-2020174692-A1
US-2023385154-A1,US-2024275814-A1
US-2023385154-A1,US-2024320102-A1
US-2023386481-A1,US-2008312915-A1
US-2023386481-A1,US-2009076830-A1
US-2023386481-A1,US-2009083043-A1
US-2023386481-A1,US-2009099670-A1
US-2023386481-A1,US-2009182563-A1
US-2023386481-A1,US-2009313027-A1
US-2023386481-A1,US-2010020886-A1
US-2023386481-A1,US-2010021004-A1
US-2023386481-A1,US-2010023323-A1
US-2023386481-A1,US-2010094639-A1
US-2023386481-A1,US-2010111355-A1
US-2023386481-A1,US-2010223061-A1
US-2023386481-A1,US-2010286991-A1
US-2023386481-A1,US-2011039506-A1
US-2023386481-A1,US-2011099019-A1
US-2023386481-A1,US-2011106540-A1
US-2023386481-A1,US-7991611-B2
US-2023386481-A1,US-8015000-B2
US-2023386481-A1,US-8019598-B2
US-2023386481-A1,US-2011224991-A1
US-2023386481-A1,US-2011224994-A1
US-2023386481-A1,US-2011257978-A1
US-2023386481-A1,US-8069034-B2
US-2023386481-A1,US-2011320213-A1
US-2023386481-A1,US-8121850-B2
US-2023386481-A1,US-2012065984-A1
US-2023386481-A1,US-8204740-B2
US-2023386481-A1,US-2012203561-A1
US-2023386481-A1,US-2012245947-A1
US-2023386481-A1,US-8280103-B2
US-2023386481-A1,US-2012271644-A1
US-2023386481-A1,US-8392201-B2
US-2023386481-A1,US-2013094702-A1
US-2023386481-A1,US-8442836-B2
US-2023386481-A1,US-2013173274-A1
US-2023386481-A1,US-8503535-B2
US-2023386481-A1,US-2013282388-A1
US-2023386481-A1,US-8660842-B2
US-2023386481-A1,US-2014074489-A1
US-2023386481-A1,US-2014074486-A1
US-2023386481-A1,US-8731913-B2
US-2023386481-A1,US-8825475-B2
US-2023386481-A1,US-8990073-B2
US-2023386481-A1,US-9026451-B1
US-2023386481-A1,US-2015213808-A1
US-2023386481-A1,US-2015279378-A1
US-2023386481-A1,US-2015317993-A1
US-2023386481-A1,US-2016055855-A1
US-2023386481-A1,US-2017229131-A1
US-2023386481-A1,US-10276186-B2
US-2023386481-A1,US-10643631-B2
US-2023386481-A1,US-11636866-B2
US-2023386481-A1,US-11657826-B2
US-2023386481-A1,US-11688406-B2
US-2023386481-A1,US-11705143-B2
US-2023386481-A1,US-11763829-B2
US-2023386481-A1,US-2023377585-A1
US-2023386481-A1,US-2023386480-A1
US-2023386481-A1,US-2023386482-A1
US-2023386481-A1,US-2024119947-A1
US-2023390146-A1,US-1710051-A
US-2023390146-A1,US-5979006-A
US-2023390146-A1,US-2002008101-A1
US-2023390146-A1,US-6648904-B2
US-2023390146-A1,US-2008236575-A1
US-2023390146-A1,US-2013172829-A1
US-2023390146-A1,US-2013197405-A1
US-2023390146-A1,US-2014277303-A1
US-2023390146-A1,US-2015142087-A1
US-2023390146-A1,US-2015157112-A1
US-2023390146-A1,US-2015165231-A1
US-2023390146-A1,US-2015165238-A1
US-2023390146-A1,US-2015320590-A1
US-2023390146-A1,US-9216028-B2
US-2023390146-A1,US-9314369-B2
US-2023390146-A1,US-2016184162-A1
US-2023390555-A1,US-2018078449-A1
US-2023390555-A1,US-2019262607-A1
US-2023390555-A1,US-2023172799-A1
US-2023390555-A1,US-2023390553-A1
US-2023390711-A1,US-2004203149-A1
US-2023390711-A1,US-2005011826-A1
US-2023390711-A1,US-2008017578-A1
US-2023390711-A1,US-7604746-B2
US-2023390711-A1,US-2016220966-A1
US-2023390711-A1,US-2017333835-A1
US-2023390711-A1,US-2019060835-A1
US-2023390711-A1,US-2019083926-A1
US-2023390711-A1,US-2019275461-A1
US-2023390711-A1,US-2020222860-A1
US-2023390711-A1,US-2022297056-A1
US-2023390711-A1,US-2023390050-A1
US-2023390711-A1,US-2023390311-A1
US-2023392540-A1,US-4177785-A
US-2023392540-A1,US-4421076-A
US-2023392540-A1,JP-2005003500-A
US-2023392540-A1,DE-102007014677-A1
US-2023392540-A1,JP-2007278802-A
US-2023392540-A1,EP-2672100-B1
US-2023392540-A1,DE-10262382-B3
US-2023393282-A1,US-7868820-B2
US-2023393282-A1,KR-20210090042-A
US-2023393282-A1,US-11175414-B2
US-2023393282-A1,US-2022107427-A1
US-2023393282-A1,US-11867823-B2
US-2023394260-A1,US-2014234949-A1
US-2023394260-A1,US-2014246035-A1
US-2023394260-A1,US-2020315260-A1
US-2023394260-A1,US-2021298363-A1
US-2023394260-A1,US-2022117314-A1
US-2023394260-A1,US-12133559-B2
US-2023395364-A1,US-2010171033-A1
US-2023395364-A1,US-2016329198-A1
US-2023397379-A1,US-2018115225-A1
US-2023397379-A1,US-2019140520-A1
US-2023397379-A1,US-2023081123-A1
US-2023397379-A1,US-2023118691-A1
US-2023397379-A1,US-2023179070-A1
US-2023397960-A1,US-2016249915-A1
US-2023397960-A1,US-2018153632-A1
US-2023398136-A1,CN-107582806-A
US-2023398136-A1,CN-107596370-A
US-2023400853-A1,US-9513635-B1
US-2023400853-A1,US-9536149-B1
US-2023400853-A1,US-9537561-B1
US-2023400853-A1,US-2017013478-A1
US-2023401293-A1,US-2004193329-A1
US-2023401293-A1,US-8037173-B2
US-2023401293-A1,US-2012078547-A1
US-2023401293-A1,US-2013031201-A1
US-2023401293-A1,US-2014025321-A1
US-2023401293-A1,US-2014325679-A1
US-2023401293-A1,US-2017063566-A1
US-2023401488-A1,US-2018322402-A1
US-2023401488-A1,WO-2020191282-A2
US-2023401488-A1,US-2021004682-A1
US-2023401488-A1,US-2021234687-A1
US-2023401488-A1,US-2021390408-A1
US-2023401488-A1,US-11461690-B2
US-2023401488-A1,US-12423578-B1
US-2023401488-A1,
US-2023401986-A1,US-2006284575-A1
US-2023401986-A1,US-2014028650-A1
US-2023401986-A1,US-2014139143-A1
US-2023401986-A1,US-2016351118-A1
US-2023401986-A1,US-9837006-B2
US-2023401986-A1,US-2018151131-A1
US-2023401986-A1,US-11430408-B1
US-2023402220-A1,US-2020126709-A1
US-2023403561-A1,JP-2010050902-A
US-2023403561-A1,US-2011167461-A1
US-2023403561-A1,US-2011171903-A1
US-2023403561-A1,US-8018834-B2
US-2023403561-A1,US-2012170558-A1
US-2023403561-A1,US-2015154082-A1
US-2023403561-A1,US-9107027-B2
US-2023403561-A1,US-2016119240-A1
US-2023403561-A1,EP-3051922-A1
US-2023403561-A1,CN-106687911-A
US-2023403561-A1,US-10419280-B2
US-2023403561-A1,CN-110635891-A
US-2023403561-A1,US-2020196191-A1
US-2023403561-A1,CN-111615096-A
US-2023403561-A1,CN-111970203-A
US-2023403561-A1,US-2021092620-A1
US-2023403561-A1,US-11032735-B2
US-2023403561-A1,US-11805009-B2
US-2023403561-A1,US-2024163770-A1
US-2023406694-A1,WO-2015119626-A1
US-2023406694-A1,DE-102015210919-A1
US-2023406694-A1,US-2019285196-A1
US-2023406694-A1,US-2021347634-A1
US-2023408227-A1,US-5060314-A
US-2023408227-A1,US-6769137-B2
US-2023408227-A1,US-2005005343-A1
US-2023408227-A1,US-2005005342-A1
US-2023408227-A1,US-7424748-B1
US-2023408227-A1,US-2008263737-A1
US-2023408227-A1,US-2009282595-A1
US-2023408227-A1,US-2010025560-A1
US-2023408227-A1,US-2010205708-A1
US-2023408227-A1,US-2010223705-A1
US-2023408227-A1,US-2010287681-A1
US-2023408227-A1,US-2011094006-A1
US-2023408227-A1,US-7979917-B2
US-2023408227-A1,US-2012132065-A1
US-2023408227-A1,US-2012167267-A1
US-2023408227-A1,US-2012174286-A1
US-2023408227-A1,US-2012180178-A1
US-2023408227-A1,US-9949514-B2
US-2023408227-A1,US-2020333111-A1
US-2023410829-A1,US-2010246849-A1
US-2023411983-A1,US-7528574-B1
US-2023411983-A1,US-2009289604-A1
US-2023411983-A1,US-2022239136-A1
US-2023412074-A1,US-2006145748-A1
US-2023412074-A1,US-2007210774-A1
US-2023412074-A1,US-2008048765-A1
US-2023412074-A1,US-2010253154-A1
US-2023412074-A1,US-8076968-B1
US-2023414257-A1,US-2005113830-A1
US-2023414257-A1,FR-2870713-A1
US-2023414257-A1,US-2006247628-A1
US-2023414257-A1,US-2007055239-A1
US-2023414257-A1,US-2007162008-A1
US-2023414257-A1,US-7753940-B2
US-2023414257-A1,US-2012029571-A1
US-2023414257-A1,US-2012109210-A1
US-2023414257-A1,US-2012179205-A1
US-2023414257-A1,US-2013184760-A1
US-2023414257-A1,US-2013211456-A1
US-2023414257-A1,US-2013245690-A1
US-2023414257-A1,US-8668721-B2
US-2023414257-A1,US-9956008-B2
US-2023414257-A1,US-2018271563-A1
US-2023414257-A1,US-2018360502-A1
US-2023414257-A1,US-2019298422-A1
US-2023414289-A1,US-2013345718-A1
US-2023414289-A1,US-2014275981-A1
US-2023414289-A1,US-2015100091-A1
US-2023414289-A1,KR-20160010092-A
US-2023414289-A1,US-2017143426-A1
US-2023414289-A1,US-2019133690-A1
US-2023414289-A1,US-10849691-B2
US-2023414289-A1,
US-2023414667-A1,US-9452186-B2
US-2023414667-A1,
US-2023416955-A1,US-563155-A
US-2023416955-A1,GB-191517905-A
US-2023416955-A1,US-2503507-A
US-2023416955-A1,CA-481302-A
US-2023416955-A1,US-2884755-A
US-2023416955-A1,US-3823535-A
US-2023416955-A1,US-4846351-A
US-2023416955-A1,US-2006213232-A1
US-2023416955-A1,US-2007151299-A1
US-2023416955-A1,US-2012036898-A1
US-2023416955-A1,
US-2023417850-A1,US-5604434-A
US-2023417850-A1,US-2007182412-A1
US-2023417850-A1,US-8306289-B1
US-2023417998-A1,US-5178153-A
US-2023417998-A1,US-5633494-A
US-2023417998-A1,US-5693043-A
US-2023417998-A1,US-2003045798-A1
US-2023417998-A1,US-2009208143-A1
US-2023417998-A1,US-2011178509-A1
US-2023417998-A1,WO-2013114376-A1
US-2023417998-A1,US-2014058368-A1
US-2023417998-A1,US-2015105654-A1
US-2023417998-A1,US-9345510-B2
US-2023417998-A1,US-2016262627-A1
US-2023417998-A1,US-9572492-B2
US-2023417998-A1,US-2017311924-A1
US-2023417998-A1,EP-2809249-B1
US-2023417998-A1,US-2019142528-A1
US-2023417998-A1,US-2019212761-A1
US-2023417998-A1,US-2020060718-A1
US-2023417998-A1,US-2021007796-A1
US-2023417998-A1,US-10932670-B2
US-2023417998-A1,US-2021113274-A1
US-2023417998-A1,US-2021156676-A1
US-2023417998-A1,US-2021330398-A1
US-2023417998-A1,US-11284916-B2
US-2023417998-A1,US-11382653-B2
US-2023417998-A1,US-2023292997-A1
US-2023417998-A1,US-11850073-B2
US-2023417998-A1,US-2023414293-A1
US-2023417998-A1,US-12089815-B2
US-2023417998-A1,
US-2023418692-A1,US-2011283355-A1
US-2023418692-A1,US-2013219368-A1
US-2023418692-A1,US-2018004640-A1
US-2023418692-A1,US-10110569-B1
US-2023418692-A1,US-2019278438-A1
US-2023420156-A1,US-2018148611-A1
US-2023420156-A1,JP-2019155603-A
US-2023420156-A1,
US-2024001890-A1,US-2692186-A
US-2024001890-A1,US-3019469-A
US-2024001890-A1,US-4800610-A
US-2024001890-A1,FR-2746355-A1
US-2024002099-A1,US-5816484-A
US-2024002099-A1,US-2003164397-A1
US-2024002099-A1,US-2019077536-A1
US-2024004198-A1,US-2009009594-A1
US-2024004198-A1,US-2012008048-A1
US-2024004198-A1,US-8730319-B2
US-2024004198-A1,US-2019317324-A1
US-2024004198-A1,US-2020355914-A1
US-2024004338-A1,US-5539447-A
US-2024004338-A1,US-2009274484-A1
US-2024004338-A1,US-2010067952-A1
US-2024004338-A1,US-2010244358-A1
US-2024004338-A1,US-2014016980-A1
US-2024004338-A1,US-2014199095-A1
US-2024004338-A1,US-2020393788-A1
US-2024005291-A1,WO-0182021-A2
US-2024005291-A1,US-2002101967-A1
US-2024005291-A1,US-2009144170-A1
US-2024005291-A1,US-2012271765-A1
US-2024005291-A1,US-8724792-B2
US-2024005291-A1,US-2014214651-A1
US-2024005291-A1,US-2018165729-A1
US-2024005291-A1,US-10922749-B1
US-2024005427-A1,US-2007094510-A1
US-2024005427-A1,US-2008209516-A1
US-2024005427-A1,US-2011314371-A1
US-2024005427-A1,US-2017345394-A1
US-2024005427-A1,US-9984242-B2
US-2024005427-A1,US-2018293647-A1
US-2024005427-A1,US-2019311021-A1
US-2024005427-A1,US-2020019715-A1
US-2024005427-A1,US-2020067705-A1
US-2024005427-A1,US-2021397784-A1
US-2024005427-A1,US-11869017-B1
US-2024005427-A1,
US-2024005654-A1,US-8213709-B1
US-2024005654-A1,US-2019370587-A1
US-2024005654-A1,US-2020175377-A1
US-2024005654-A1,US-2021133485-A1
US-2024005654-A1,US-2021232773-A1
US-2024005654-A1,US-2023206661-A1
US-2024005654-A1,US-12067794-B2
US-2024005654-A1,
US-2024006270-A1,US-2004145047-A1
US-2024006270-A1,US-2008308258-A1
US-2024006270-A1,US-2008308926-A1
US-2024006270-A1,US-2013270690-A1
US-2024006270-A1,US-2016035704-A1
US-2024006270-A1,US-2016322330-A1
US-2024006270-A1,US-9613931-B2
US-2024006270-A1,US-2019067155-A1
US-2024006270-A1,US-2019067207-A1
US-2024006270-A1,US-2019164871-A1
US-2024006270-A1,US-2019355637-A1
US-2024006270-A1,US-2020006176-A1
US-2024006270-A1,US-2020105644-A1
US-2024006270-A1,US-2020176352-A1
US-2024006270-A1,US-2020235023-A1
US-2024006270-A1,US-2020273777-A1
US-2024006270-A1,US-2020373235-A1
US-2024006270-A1,US-10910321-B2
US-2024006270-A1,US-2021035881-A1
US-2024006270-A1,US-2021057380-A1
US-2024006270-A1,US-2021082894-A1
US-2024006270-A1,US-2021202390-A1
US-2024006270-A1,US-11164855-B2
US-2024006270-A1,US-2022037231-A1
US-2024006270-A1,US-11410910-B2
US-2024006270-A1,US-2022310470-A1
US-2024006270-A1,US-11728238-B2
US-2024006270-A1,US-2023387039-A1
US-2024006270-A1,US-11848246-B2
US-2024006270-A1,US-11876035-B2
US-2024006270-A1,US-2024145342-A1
US-2024006270-A1,US-2024222143-A1
US-2024006270-A1,US-2024249999-A1
US-2024006816-A1,US-7267569-B2
US-2024006816-A1,US-8726808-B1
US-2024006816-A1,US-2015044901-A1
US-2024006816-A1,US-2016365674-A1
US-2024007083-A1,WO-2013178271-A1
US-2024007083-A1,WO-2013181445-A1
US-2024007083-A1,JP-2014082755-A
US-2024007083-A1,US-9531359-B1
US-2024007083-A1,US-2017033770-A1
US-2024007083-A1,US-2017250723-A1
US-2024007083-A1,US-10193520-B2
US-2024007083-A1,US-10396735-B2
US-2024007083-A1,CN-111464145-A
US-2024007083-A1,US-11329689-B1
US-2024007083-A1,WO-2023168155-A1
US-2024007083-A1,
US-2024007444-A1,US-2005210282-A1
US-2024007444-A1,US-2006200467-A1
US-2024007444-A1,US-2017093700-A1
US-2024007444-A1,US-2018192289-A1
US-2024007444-A1,US-2019098502-A1
US-2024007444-A1,US-2019174449-A1
US-2024007444-A1,US-2020068397-A1
US-2024007444-A1,US-2020112907-A1
US-2024007444-A1,US-2020204985-A1
US-2024007444-A1,US-2020275279-A1
US-2024007444-A1,US-2020374742-A1
US-2024007444-A1,US-2021092603-A1
US-2024007444-A1,US-2021105196-A1
US-2024007444-A1,US-2021112406-A1
US-2024007444-A1,US-2021258861-A1
US-2024007444-A1,US-2021306855-A1
US-2024007444-A1,US-2021334263-A1
US-2024007444-A1,US-11184356-B1
US-2024007444-A1,US-2021409942-A1
US-2024007444-A1,US-2021409214-A1
US-2024007444-A1,US-2022038896-A1
US-2024007444-A1,US-2022060325-A1
US-2024007444-A1,US-2022264300-A1
US-2024007444-A1,US-2022300962-A1
US-2024007444-A1,US-2022417010-A1
US-2024007444-A1,US-2023132934-A1
US-2024007444-A1,US-2023153411-A1
US-2024007444-A1,US-2023292109-A1
US-2024007444-A1,US-2023354013-A1
US-2024007444-A1,US-2024064847-A1
US-2024007444-A1,US-2024114335-A1
US-2024007444-A1,US-2024171402-A1
US-2024007444-A1,US-2024187968-A1
US-2024007444-A1,US-12021904-B1
US-2024007444-A1,US-2024224098-A1
US-2024007444-A1,US-2024259803-A1
US-2024007444-A1,US-12177662-B2
US-2024008120-A1,US-2015326371-A1
US-2024008120-A1,US-2019349906-A1
US-2024008120-A1,US-2019356460-A1
US-2024008120-A1,EP-4106368-A1
US-2024010643-A1,WO-2011028947-A2
US-2024010643-A1,WO-2019062662-A1
US-2024010643-A1,
US-2024013248-A1,US-2006190330-A1
US-2024013248-A1,US-2012215611-A1
US-2024013248-A1,US-2013117094-A1
US-2024013248-A1,US-2014122203-A1
US-2024013248-A1,US-2015379618-A1
US-2024013248-A1,
US-2024016826-A1,US-9572770-B2
US-2024016826-A1,WO-2018185685-A1
US-2024016826-A1,
US-2024020607-A1,US-11386111-B1
US-2024020607-A1,US-2022327012-A1
US-2024022211-A1,US-2019190447-A1
US-2024022211-A1,US-2022173699-A1
US-2024024185-A1,US-1239789-A
US-2024024185-A1,US-2783758-A
US-2024024185-A1,US-3872861-A
US-2024024185-A1,US-2010018537-A1
US-2024024185-A1,US-2010069809-A1
US-2024024185-A1,US-2011185506-A1
US-2024024185-A1,US-2013305454-A1
US-2024025148-A1,US-2010229714-A1
US-2024025148-A1,US-2015360443-A1
US-2024026387-A1,US-9085745-B2
US-2024027337-A1,US-2008304048-A1
US-2024027875-A1,JP-H0622519-A
US-2024027875-A1,US-2004169434-A1
US-2024027875-A1,JP-2015154541-A
US-2024027875-A1,US-12259643-B2
US-2024029080-A1,CA-2674827-A1
US-2024029080-A1,US-2016098730-A1
US-2024029080-A1,US-2020126093-A1
US-2024029080-A1,AU-2019419934-A1
US-2024029080-A1,US-2022311599-A1
US-2024029080-A1,US-2023245137-A1
US-2024029080-A1,
US-2024032309-A1,US-2015097187-A1
US-2024032309-A1,US-2016329491-A1
US-2024032309-A1,US-2021074825-A1
US-2024032309-A1,US-2021336134-A1
US-2024036879-A1,US-2011187751-A1
US-2024036879-A1,US-2017015246-A1
US-2024036879-A1,US-2023024628-A1
US-2024036879-A1,US-2025173119-A1
US-2024038759-A1,US-2004201033-A1
US-2024038759-A1,US-8129788-B1
US-2024038759-A1,US-2013289901-A1
US-2024038759-A1,US-2017069618-A1
US-2024039337-A1,US-2014159500-A1
US-2024039337-A1,US-2017085097-A1
US-2024039337-A1,US-2018034506-A1
US-2024039337-A1,US-11757307-B2
US-2024040575-A1,US-2024155604-A1
US-2024040575-A1,US-2024267910-A1
US-2024040575-A1,US-2024276488-A1
US-2024040575-A1,US-2024334439-A1
US-2024042887-A1,US-2015165915-A1
US-2024042887-A1,JP-2015162959-A
US-2024042887-A1,US-2016190865-A1
US-2024042887-A1,US-2018201142-A1
US-2024042887-A1,US-2018339597-A1
US-2024042887-A1,US-2022089055-A1
US-2024042887-A1,WO-2022241267-A1
US-2024042887-A1,US-2022407310-A1
US-2024042887-A1,US-11760224-B1
US-2024042887-A1,
US-2024043527-A1,US-10053512-B2
US-2024046195-A1,US-6672601-B1
US-2024046195-A1,US-2005021407-A1
US-2024046195-A1,US-2008000358-A1
US-2024046195-A1,US-8710408-B2
US-2024046195-A1,US-2014330738-A1
US-2024046195-A1,US-2015262121-A1
US-2024048050-A1,US-2006132110-A1
US-2024048050-A1,US-2008129263-A1
US-2024048050-A1,US-2011193540-A1
US-2024048050-A1,US-2016111956-A1
US-2024048050-A1,US-2017070141-A1
US-2024048970-A1,US-2015221307-A1
US-2024048970-A1,US-2019074002-A1
US-2024050725-A1,US-6060640-A
US-2024050725-A1,US-2013338638-A1
US-2024050725-A1,US-2018126134-A1
US-2024050725-A1,US-2018125632-A1
US-2024050725-A1,US-2019224377-A1
US-2024051458-A1,US-4081165-A
US-2024051458-A1,US-2008180238-A1
US-2024051458-A1,US-2010202150-A1
US-2024051458-A1,US-2022396196-A1
US-2024052133-A1,JP-2008174497-A
US-2024052133-A1,US-2016326335-A1
US-2024052133-A1,
US-2024052186-A1,CN-1712464-A
US-2024052186-A1,US-2009214766-A1
US-2024052186-A1,US-2014272177-A1
US-2024053124-A1,US-5357840-A
US-2024053124-A1,US-5396708-A
US-2024053124-A1,US-6295753-B1
US-2024053124-A1,US-6397509-B1
US-2024053124-A1,US-6421947-B1
US-2024053124-A1,US-2009133572-A1
US-2024053124-A1,US-7900391-B1
US-2024053124-A1,US-2011315767-A1
US-2024053124-A1,US-2013344461-A1
US-2024053124-A1,US-8661725-B1
US-2024053124-A1,US-2019137210-A1
US-2024053124-A1,US-2021270571-A1
US-2024054420-A1,JP-H03172972-A
US-2024054420-A1,US-2002194393-A1
US-2024055419-A1,US-2012112215-A1
US-2024055419-A1,US-2015169011-A1
US-2024055419-A1,US-10720415-B2
US-2024055419-A1,US-11837592-B2
US-2024056400-A1,US-2015281126-A1
US-2024056400-A1,US-2019386924-A1
US-2024056400-A1,US-2021117249-A1
US-2024056400-A1,
US-2024057365-A1,JP-2003031373-A
US-2024057365-A1,US-2013020963-A1
US-2024057365-A1,US-2014054613-A1
US-2024057365-A1,US-2014361256-A1
US-2024057365-A1,US-2016049603-A1
US-2024057365-A1,US-2023044829-A1
US-2024057365-A1,US-2023312604-A1
US-2024057365-A1,
US-2024058174-A1,US-1785831-A
US-2024058174-A1,US-2448366-A
US-2024058174-A1,US-6307118-B1
US-2024058174-A1,US-2003135146-A1
US-2024058174-A1,US-2005256438-A1
US-2024058174-A1,US-2008039760-A1
US-2024058174-A1,US-8591447-B2
US-2024058174-A1,US-2015018742-A1
US-2024058174-A1,US-2018228655-A1
US-2024059369-A1,US-6877591-B1
US-2024059369-A1,US-7854440-B2
US-2024059369-A1,US-8439383-B2
US-2024059369-A1,US-8851498-B2
US-2024059369-A1,US-8931794-B2
US-2024059369-A1,US-10363988-B2
US-2024059369-A1,US-2020124131-A1
US-2024059369-A1,US-10850799-B2
US-2024059369-A1,US-11420707-B2
US-2024060328-A1,US-2434685-A
US-2024060328-A1,US-6004649-A
US-2024060328-A1,US-2003096546-A1
US-2024060328-A1,US-2005045220-A1
US-2024060328-A1,US-6942065-B1
US-2024060328-A1,US-2008005987-A1
US-2024060328-A1,US-2008006375-A1
US-2024060328-A1,US-2009145471-A1
US-2024060328-A1,US-7565909-B2
US-2024060328-A1,US-2013276382-A1
US-2024060328-A1,US-2017245491-A1
US-2024060328-A1,US-2021307314-A1
US-2024060386-A1,US-2013306330-A1
US-2024060386-A1,US-2019078414-A1
US-2024060386-A1,US-2019112891-A1
US-2024062348-A1,US-2009027417-A1
US-2024062348-A1,US-2010283853-A1
US-2024062348-A1,US-2013027554-A1
US-2024062348-A1,US-2013077891-A1
US-2024062348-A1,US-2014064554-A1
US-2024062348-A1,US-9219858-B2
US-2024062348-A1,US-10515458-B1
US-2024062348-A1,US-11468654-B2
US-2024062348-A1,US-12310274-B1
US-2024063064-A1,US-2009302370-A1
US-2024063064-A1,CN-105826188-A
US-2024063064-A1,US-2021366783-A1
US-2024063064-A1,WO-2024039647-A1
US-2024063064-A1,
US-2024063667-A1,US-5030877-A
US-2024063667-A1,US-2002135245-A1
US-2024063667-A1,US-2016226327-A1
US-2024063667-A1,US-2019207439-A1
US-2024063667-A1,US-2020161917-A1
US-2024063667-A1,US-2022200382-A1
US-2024063667-A1,US-2022393538-A1
US-2024063667-A1,US-2024213839-A1
US-2024063667-A1,US-2024258858-A1
US-2024063667-A1,US-2024313591-A1
US-2024063667-A1,US-2024413679-A1
US-2024064368-A1,US-2002124251-A1
US-2024064368-A1,US-2005060745-A1
US-2024064368-A1,US-2006031892-A1
US-2024064368-A1,US-2006248569-A1
US-2024064368-A1,US-2007282898-A1
US-2024064368-A1,US-2009175538-A1
US-2024064368-A1,US-2010095333-A1
US-2024064368-A1,US-2010146542-A1
US-2024064368-A1,US-2010178030-A1
US-2024064368-A1,US-2010223392-A1
US-2024064368-A1,US-2011219098-A1
US-2024064368-A1,US-2011243522-A1
US-2024064368-A1,US-2012262632-A1
US-2024064368-A1,US-2013031580-A1
US-2024064368-A1,US-2013046641-A1
US-2024064368-A1,US-2013332971-A1
US-2024064368-A1,US-2014003501-A1
US-2024064368-A1,US-2014195651-A1
US-2024064368-A1,US-2014195643-A1
US-2024064368-A1,US-2014245346-A1
US-2024064368-A1,US-2014324603-A1
US-2024064368-A1,US-2014337868-A1
US-2024064368-A1,US-2015033023-A1
US-2024064368-A1,US-2015143404-A1
US-2024064368-A1,US-9066138-B1
US-2024064368-A1,US-9075962-B1
US-2024064368-A1,US-2017359628-A1
US-2024064368-A1,US-2019098344-A1
US-2024064368-A1,US-2019166412-A1
US-2024064368-A1,US-2019296840-A1
US-2024064368-A1,US-2020059677-A1
US-2024064368-A1,US-2020213676-A1
US-2024064368-A1,US-10911813-B1
US-2024064368-A1,US-2021067816-A1
US-2024064368-A1,US-2021152896-A1
US-2024064368-A1,US-2021211748-A1
US-2024064368-A1,US-2021256569-A1
US-2024064368-A1,US-2021274241-A1
US-2024064368-A1,US-2021274245-A1
US-2024064368-A1,US-2021312318-A1
US-2024064368-A1,US-2021409816-A1
US-2024064368-A1,US-2023370698-A1
US-2024065708-A1,US-5743910-A
US-2024065708-A1,US-2004162619-A1
US-2024065708-A1,US-2012290099-A1
US-2024065708-A1,US-8449550-B2
US-2024065708-A1,US-2015057666-A1
US-2024065708-A1,US-2015127010-A1
US-2024065708-A1,US-2019336143-A1
US-2024065708-A1,US-2022313282-A1
US-2024065708-A1,US-2024285326-A1
US-2024067380-A1,US-5148841-A
